0
1
2
3
4
5
6
7
8
9
10
11
12
13
14
15
16
17
18
19
20
21
22
23
24
25
26
27
28
29
30
31
32
33
34
35
36
37
38
39
40
41
42
43
44
45
46
47
48
49
50
51
52
53
54
55
56
57
58
59
60
61
62
63
64
65
66
67
68
69
70
71
72
73
74
75
76
77
78
79
80
81
82
83
84
85
86
87
88
89
90
91
92
93
94
95
96
97
98
99
100
101
102
103
104
105
106
107
108
109
110
111
112
113
114
115
116
117
118
119
120
121
122
123
124
125
126
127
128
129
130
131
132
133
134
135
136
137
138
139
140
141
142
143
144
145
146
147
148
149
150
151
152
153
154
155
156
157
158
159
160
161
162
163
164
165
166
167
168
169
170
171
172
173
174
175
176
177
178
179
180
181
182
183
184
185
186
187
188
189
190
191
192
193
194
195
196
197
198
199
200
201
202
203
204
205
206
207
208
209
210
211
212
213
214
215
216
217
218
219
220
221
222
223
224
225
226
227
228
229
230
231
232
233
234
235
236
237
238
239
240
241
242
243
244
245
246
247
248
249
250
251
252
253
254
255
256
257
258
259
260
261
262
263
264
265
266
267
268
269
270
271
272
273
274
275
276
277
278
279
280
281
282
283
284
285
286
287
288
289
290
291
292
293
294
295
296
297
298
299
300
301
302
303
304
305
306
307
308
309
310
311
312
313
314
315
316
317
318
319
320
321
322
323
324
325
326
327
328
329
330
331
332
333
334
335
336
337
338
339
340
341
342
343
344
345
346
347
348
349
350
351
352
353
354
355
356
357
358
359
360
361
362
363
364
365
366
367
368
369
370
371
372
373
374
375
376
377
378
379
380
381
382
383
384
385
386
387
388
389
390
391
392
393
394
395
396
397
398
399
400
401
402
403
404
405
406
407
408
409
410
411
412
413
414
415
416
417
418
419
420
421
422
423
424
425
426
427
428
429
430
431
432
433
434
435
436
437
438
439
440
441
442
443
444
445
446
447
448
449
450
451
452
453
454
455
456
457
458
459
460
461
462
463
464
465
466
467
468
469
470
471
472
473
474
475
476
477
478
479
480
481
482
483
484
485
486
487
488
489
490
491
492
493
494
495
496
497
498
499
500
501
502
503
504
505
506
507
508
509
510
511
512
513
514
515
516
517
518
519
520
521
522
523
524
525
526
527
528
529
530
531
532
533
534
535
536
537
538
539
540
541
542
543
544
545
546
547
548
549
550
551
552
553
554
555
556
557
558
559
560
561
562
563
564
565
566
567
568
569
570
571
572
573
574
575
576
577
578
579
580
581
582
583
584
585
586
587
588
589
590
591
592
593
594
595
596
597
598
599
600
601
602
603
604
605
606
607
608
609
610
611
612
613
614
615
616
617
618
619
620
621
622
623
624
625
626
627
628
629
630
631
632
633
634
635
636
637
638
639
640
641
642
643
644
645
646
647
648
649
650
651
652
653
654
655
656
657
658
659
660
661
662
663
664
665
666
667
668
669
670
671
672
673
674
675
676
677
678
679
680
681
682
683
684
685
686
687
688
689
690
691
692
693
694
695
696
697
698
699
700
701
702
703
704
705
706
707
708
709
710
711
712
713
714
715
716
717
718
719
720
721
722
723
724
725
726
727
728
729
730
731
732
733
734
735
736
737
738
739
740
741
742
743
744
745
746
747
748
749
750
751
752
753
754
755
756
757
758
759
760
761
762
763
764
765
766
767
768
769
770
771
772
773
774
775
776
777
778
779
780
781
782
783
784
785
786
787
788
789
790
791
792
793
794
795
796
797
798
799
800
801
802
803
804
805
806
807
808
809
810
811
812
813
814
815
816
817
818
819
820
821
822
823
824
825
826
827
828
829
830
831
832
833
834
835
836
837
838
839
840
841
842
843
844
845
846
847
848
849
850
851
852
853
854
855
856
857
858
859
860
861
862
863
864
865
866
867
868
869
870
871
872
873
874
875
876
877
878
879
880
881
882
883
884
885
886
887
888
889
890
891
892
893
894
895
896
897
898
899
900
901
902
903
904
905
906
907
908
909
910
911
912
913
914
915
916
917
918
919
920
921
922
923
924
925
926
927
928
929
930
931
932
933
934
935
936
937
938
939
940
941
942
943
944
945
946
947
948
949
950
951
952
953
954
955
956
957
958
959
960
961
962
963
964
965
966
967
968
969
970
971
972
973
974
975
976
977
978
979
980
981
982
983
984
985
986
987
988
989
990
991
992
993
994
995
996
997
998
999
1000
1001
1002
1003
1004
1005
1006
1007
1008
1009
1010
1011
1012
1013
1014
1015
1016
1017
1018
1019
1020
1021
1022
1023
1024
1025
1026
1027
1028
1029
1030
1031
1032
1033
1034
1035
1036
1037
1038
1039
1040
1041
1042
1043
1044
1045
1046
1047
1048
1049
1050
1051
1052
1053
1054
1055
1056
1057
1058
1059
1060
1061
1062
1063
1064
1065
1066
1067
1068
1069
1070
1071
1072
1073
1074
1075
1076
1077
1078
1079
1080
1081
1082
1083
1084
1085
1086
1087
1088
1089
1090
1091
1092
1093
1094
1095
1096
1097
1098
1099
1100
1101
1102
1103
1104
1105
1106
1107
1108
1109
1110
1111
1112
1113
1114
1115
1116
1117
1118
1119
1120
1121
1122
1123
1124
1125
1126
1127
1128
1129
1130
1131
1132
1133
1134
1135
1136
1137
1138
1139
1140
1141
1142
1143
1144
1145
1146
1147
1148
1149
1150
1151
1152
1153
1154
1155
1156
1157
1158
1159
1160
1161
1162
1163
1164
1165
1166
1167
1168
1169
1170
1171
1172
1173
1174
1175
1176
1177
1178
1179
1180
1181
1182
1183
1184
1185
1186
1187
1188
1189
1190
1191
1192
1193
1194
1195
1196
1197
1198
1199
1200
1201
1202
1203
1204
1205
1206
1207
1208
1209
1210
1211
1212
1213
1214
1215
1216
1217
1218
1219
1220
1221
1222
1223
1224
1225
1226
1227
1228
1229
1230
1231
1232
1233
1234
1235
1236
1237
1238
1239
1240
1241
1242
1243
1244
1245
1246
1247
1248
1249
1250
1251
1252
1253
1254
1255
1256
1257
1258
1259
1260
1261
1262
1263
1264
1265
1266
1267
1268
1269
1270
1271
1272
1273
1274
1275
1276
1277
1278
1279
1280
1281
1282
1283
1284
1285
1286
1287
1288
1289
1290
1291
1292
1293
1294
1295
1296
1297
1298
1299
1300
1301
1302
1303
1304
1305
1306
1307
1308
1309
1310
1311
1312
1313
1314
1315
1316
1317
1318
1319
1320
1321
1322
1323
1324
1325
1326
1327
1328
1329
1330
1331
1332
1333
1334
1335
1336
1337
1338
1339
1340
1341
1342
1343
1344
1345
1346
1347
1348
1349
1350
1351
1352
1353
1354
1355
1356
1357
1358
1359
1360
1361
1362
1363
1364
1365
1366
1367
1368
1369
1370
1371
1372
1373
1374
1375
1376
1377
1378
1379
1380
1381
1382
1383
1384
1385
1386
1387
1388
1389
1390
1391
1392
1393
1394
1395
1396
1397
1398
1399
1400
1401
1402
1403
1404
1405
1406
1407
1408
1409
1410
1411
1412
1413
1414
1415
1416
1417
1418
1419
1420
1421
1422
1423
1424
1425
1426
1427
1428
1429
1430
1431
1432
1433
1434
1435
1436
1437
1438
1439
1440
1441
1442
1443
1444
1445
1446
1447
1448
1449
1450
1451
1452
1453
1454
1455
1456
1457
1458
1459
1460
1461
1462
1463
1464
1465
1466
1467
1468
1469
1470
1471
1472
1473
1474
1475
1476
1477
1478
1479
1480
1481
1482
1483
1484
1485
1486
1487
1488
1489
1490
1491
1492
1493
1494
1495
1496
1497
1498
1499
1500
1501
1502
1503
1504
1505
1506
1507
1508
1509
1510
1511
1512
1513
1514
1515
1516
1517
1518
1519
1520
1521
1522
1523
1524
1525
1526
1527
1528
1529
1530
1531
1532
1533
1534
1535
1536
1537
1538
1539
1540
1541
1542
1543
1544
1545
1546
1547
1548
1549
1550
1551
1552
1553
1554
1555
1556
1557
1558
1559
1560
1561
1562
1563
1564
1565
1566
1567
1568
1569
1570
1571
1572
1573
1574
1575
1576
1577
1578
1579
1580
1581
1582
1583
1584
1585
1586
1587
1588
1589
1590
1591
1592
1593
1594
1595
1596
1597
1598
1599
1600
1601
1602
1603
1604
1605
1606
1607
1608
1609
1610
1611
1612
1613
1614
1615
1616
1617
1618
1619
1620
1621
1622
1623
1624
1625
1626
1627
1628
1629
1630
1631
1632
1633
1634
1635
1636
1637
1638
1639
1640
1641
1642
1643
1644
1645
1646
1647
1648
1649
1650
1651
1652
1653
1654
1655
1656
1657
1658
1659
1660
1661
1662
1663
1664
1665
1666
1667
1668
1669
1670
1671
1672
1673
1674
1675
1676
1677
1678
1679
1680
1681
1682
1683
1684
1685
1686
1687
1688
1689
1690
1691
1692
1693
1694
1695
1696
1697
1698
1699
1700
1701
1702
1703
1704
1705
1706
1707
1708
1709
1710
1711
1712
1713
1714
1715
1716
1717
1718
1719
1720
1721
1722
1723
1724
1725
1726
1727
1728
1729
1730
1731
1732
1733
1734
1735
1736
1737
1738
1739
1740
1741
1742
1743
1744
1745
1746
1747
1748
1749
1750
1751
1752
1753
1754
1755
1756
1757
1758
1759
1760
1761
1762
1763
1764
1765
1766
1767
1768
1769
1770
1771
1772
1773
1774
1775
1776
1777
1778
1779
1780
1781
1782
1783
1784
1785
1786
1787
1788
1789
1790
1791
1792
1793
1794
1795
1796
1797
1798
1799
1800
1801
1802
1803
1804
1805
1806
1807
1808
1809
1810
1811
1812
1813
1814
1815
1816
1817
1818
1819
1820
1821
1822
1823
1824
1825
1826
1827
1828
1829
1830
1831
1832
1833
1834
1835
1836
1837
1838
1839
1840
1841
1842
1843
1844
1845
1846
1847
1848
1849
1850
1851
1852
1853
1854
1855
1856
1857
1858
1859
1860
1861
1862
1863
1864
1865
1866
1867
1868
1869
1870
1871
1872
1873
1874
1875
1876
1877
1878
1879
1880
1881
1882
1883
1884
1885
1886
1887
1888
1889
1890
1891
1892
1893
1894
1895
1896
1897
1898
1899
1900
1901
1902
1903
1904
1905
1906
1907
1908
1909
1910
1911
1912
1913
1914
1915
1916
1917
1918
1919
1920
1921
1922
1923
1924
1925
1926
1927
1928
1929
1930
1931
1932
1933
1934
1935
1936
1937
1938
1939
1940
1941
1942
1943
1944
1945
1946
1947
1948
1949
1950
1951
1952
1953
1954
1955
1956
1957
1958
1959
1960
1961
1962
1963
1964
1965
1966
1967
1968
1969
1970
1971
1972
1973
1974
1975
1976
1977
1978
1979
1980
1981
1982
1983
1984
1985
1986
1987
1988
1989
1990
1991
1992
1993
1994
1995
1996
1997
1998
1999
2000
2001
2002
2003
2004
2005
2006
2007
2008
2009
2010
2011
2012
2013
2014
2015
2016
2017
2018
2019
2020
2021
2022
2023
2024
2025
2026
2027
2028
2029
2030
2031
2032
2033
2034
2035
2036
2037
2038
2039
2040
2041
2042
2043
2044
2045
2046
2047
2048
2049
2050
2051
2052
2053
2054
2055
2056
2057
2058
2059
2060
2061
2062
2063
2064
2065
2066
2067
2068
2069
2070
2071
2072
2073
2074
2075
2076
2077
2078
2079
2080
2081
2082
2083
2084
2085
2086
2087
2088
2089
2090
2091
2092
2093
2094
2095
2096
2097
2098
2099
2100
2101
2102
2103
2104
2105
2106
2107
2108
2109
2110
2111
2112
2113
2114
2115
2116
2117
2118
2119
2120
2121
2122
2123
2124
2125
2126
2127
2128
2129
2130
2131
2132
2133
2134
2135
2136
2137
2138
2139
2140
2141
2142
2143
2144
2145
2146
2147
2148
2149
2150
2151
2152
2153
2154
2155
2156
2157
2158
2159
2160
2161
2162
2163
2164
2165
2166
2167
2168
2169
2170
2171
2172
2173
2174
2175
2176
2177
2178
2179
2180
2181
2182
2183
2184
2185
2186
2187
2188
2189
2190
2191
2192
2193
2194
2195
2196
2197
2198
2199
2200
2201
2202
2203
2204
2205
2206
2207
2208
2209
2210
2211
2212
2213
2214
2215
2216
2217
2218
2219
2220
2221
2222
2223
2224
2225
2226
2227
2228
2229
2230
2231
2232
2233
2234
2235
2236
2237
2238
2239
2240
2241
2242
2243
2244
2245
2246
2247
2248
2249
2250
2251
2252
2253
2254
2255
2256
2257
2258
2259
2260
2261
2262
2263
2264
2265
2266
2267
2268
2269
2270
2271
2272
2273
2274
2275
2276
2277
2278
2279
2280
2281
2282
2283
2284
2285
2286
2287
2288
2289
2290
2291
2292
2293
2294
2295
2296
2297
2298
2299
2300
2301
2302
2303
2304
2305
2306
2307
2308
2309
2310
2311
2312
2313
2314
2315
2316
2317
2318
2319
2320
2321
2322
2323
2324
2325
2326
2327
2328
2329
2330
2331
2332
2333
2334
2335
2336
2337
2338
2339
2340
2341
2342
2343
2344
2345
2346
2347
2348
2349
2350
2351
2352
2353
2354
2355
2356
2357
2358
2359
2360
2361
2362
2363
2364
2365
2366
2367
2368
2369
2370
2371
2372
2373
2374
2375
2376
2377
2378
2379
2380
2381
2382
2383
2384
2385
2386
2387
2388
2389
2390
2391
2392
2393
2394
2395
2396
2397
2398
2399
2400
2401
2402
2403
2404
2405
2406
2407
2408
2409
2410
2411
2412
2413
2414
2415
2416
2417
2418
2419
2420
2421
2422
2423
2424
2425
2426
2427
2428
2429
2430
2431
2432
2433
2434
2435
2436
2437
2438
2439
2440
2441
2442
2443
2444
2445
2446
2447
2448
2449
2450
2451
2452
2453
2454
2455
2456
2457
2458
2459
2460
2461
2462
2463
2464
2465
2466
2467
2468
2469
2470
2471
2472
2473
2474
2475
2476
2477
2478
2479
2480
2481
2482
2483
2484
2485
2486
2487
2488
2489
2490
2491
2492
2493
2494
2495
2496
2497
2498
2499
2500
2501
2502
2503
2504
2505
2506
2507
2508
2509
2510
2511
2512
2513
2514
2515
2516
2517
2518
2519
2520
2521
2522
2523
2524
2525
2526
2527
2528
2529
2530
2531
2532
2533
2534
2535
2536
2537
2538
2539
2540
2541
2542
2543
2544
2545
2546
2547
2548
2549
2550
2551
2552
2553
2554
2555
2556
2557
2558
2559
2560
2561
2562
2563
2564
2565
2566
2567
2568
2569
2570
2571
2572
2573
2574
2575
2576
2577
2578
2579
2580
2581
2582
2583
2584
2585
2586
2587
2588
2589
2590
2591
2592
2593
2594
2595
2596
2597
2598
2599
2600
2601
2602
2603
2604
2605
2606
2607
2608
2609
2610
2611
2612
2613
2614
2615
2616
2617
2618
2619
2620
2621
2622
2623
2624
2625
2626
2627
2628
2629
2630
2631
2632
2633
2634
2635
2636
2637
2638
2639
2640
2641
2642
2643
2644
2645
2646
2647
2648
2649
2650
2651
2652
2653
2654
2655
2656
2657
2658
2659
2660
2661
2662
2663
2664
2665
2666
2667
2668
2669
2670
2671
2672
2673
2674
2675
2676
2677
2678
2679
2680
2681
2682
2683
2684
2685
2686
2687
2688
2689
2690
2691
2692
2693
2694
2695
2696
2697
2698
2699
2700
2701
2702
2703
2704
2705
2706
2707
2708
2709
2710
2711
2712
2713
2714
2715
2716
2717
2718
2719
2720
2721
2722
2723
2724
2725
2726
2727
2728
2729
2730
2731
2732
2733
2734
2735
2736
2737
2738
2739
2740
2741
2742
2743
2744
2745
2746
2747
2748
2749
2750
2751
2752
2753
2754
2755
2756
2757
2758
2759
2760
2761
2762
2763
2764
2765
2766
2767
2768
2769
2770
2771
2772
2773
2774
2775
2776
2777
2778
2779
2780
2781
2782
2783
2784
2785
2786
2787
2788
2789
2790
2791
2792
2793
2794
2795
2796
2797
2798
2799
2800
2801
2802
2803
2804
2805
2806
2807
2808
2809
2810
2811
2812
2813
2814
2815
2816
2817
2818
2819
2820
2821
2822
2823
2824
2825
2826
2827
2828
2829
2830
2831
2832
2833
2834
2835
2836
2837
2838
2839
2840
2841
2842
2843
2844
2845
2846
2847
2848
2849
2850
2851
2852
2853
2854
2855
2856
2857
2858
2859
2860
2861
2862
2863
2864
2865
2866
2867
2868
2869
2870
2871
2872
2873
2874
2875
2876
2877
2878
2879
2880
2881
2882
2883
2884
2885
2886
2887
2888
2889
2890
2891
2892
2893
2894
2895
2896
2897
2898
2899
2900
2901
2902
2903
2904
2905
2906
2907
2908
2909
2910
2911
2912
2913
2914
2915
2916
2917
2918
2919
2920
2921
2922
2923
2924
2925
2926
2927
2928
2929
2930
2931
2932
2933
2934
2935
2936
2937
2938
2939
2940
2941
2942
2943
2944
2945
2946
2947
2948
2949
2950
2951
2952
2953
2954
2955
2956
2957
2958
2959
2960
2961
2962
2963
2964
2965
2966
2967
2968
2969
2970
2971
2972
2973
2974
2975
2976
2977
2978
2979
2980
2981
2982
2983
2984
2985
2986
2987
2988
2989
2990
2991
2992
2993
2994
2995
2996
2997
2998
2999
3000
3001
3002
3003
3004
3005
3006
3007
3008
3009
3010
3011
3012
3013
3014
3015
3016
3017
3018
3019
3020
3021
3022
3023
3024
3025
3026
3027
3028
3029
3030
3031
3032
3033
3034
3035
3036
3037
3038
3039
3040
3041
3042
3043
3044
3045
3046
3047
3048
3049
3050
3051
3052
3053
3054
3055
3056
3057
3058
3059
3060
3061
3062
3063
3064
3065
3066
3067
3068
3069
3070
3071
3072
3073
3074
3075
3076
3077
3078
3079
3080
3081
3082
3083
3084
3085
3086
3087
3088
3089
3090
3091
3092
3093
3094
3095
3096
3097
3098
3099
3100
3101
3102
3103
3104
3105
3106
3107
3108
3109
3110
3111
3112
3113
3114
3115
3116
3117
3118
3119
3120
3121
3122
3123
3124
3125
3126
3127
3128
3129
3130
3131
3132
3133
3134
3135
3136
3137
3138
3139
3140
3141
3142
3143
3144
3145
3146
3147
3148
3149
3150
3151
3152
3153
3154
3155
3156
3157
3158
3159
3160
3161
3162
3163
3164
3165
3166
3167
3168
3169
3170
3171
3172
3173
3174
3175
3176
3177
3178
3179
3180
3181
3182
3183
3184
3185
3186
3187
3188
3189
3190
3191
3192
3193
3194
3195
3196
3197
3198
3199
3200
3201
3202
3203
3204
3205
3206
3207
3208
3209
3210
3211
3212
3213
3214
3215
3216
3217
3218
3219
3220
3221
3222
3223
3224
3225
3226
3227
3228
3229
3230
3231
3232
3233
3234
3235
3236
3237
3238
3239
3240
3241
3242
3243
3244
3245
3246
3247
3248
3249
3250
3251
3252
3253
3254
3255
3256
3257
3258
3259
3260
3261
3262
3263
3264
3265
3266
3267
3268
3269
3270
3271
3272
3273
3274
3275
3276
3277
3278
3279
3280
3281
3282
3283
3284
3285
3286
3287
3288
3289
3290
3291
3292
3293
3294
3295
3296
3297
3298
3299
3300
3301
3302
3303
3304
3305
3306
3307
3308
3309
3310
3311
3312
3313
3314
3315
3316
3317
3318
3319
3320
3321
3322
3323
3324
3325
3326
3327
3328
3329
3330
3331
3332
3333
3334
3335
3336
3337
3338
3339
3340
3341
3342
3343
3344
3345
3346
3347
3348
3349
3350
3351
3352
3353
3354
3355
3356
3357
3358
3359
3360
3361
3362
3363
3364
3365
3366
3367
3368
3369
3370
3371
3372
3373
3374
3375
3376
3377
3378
3379
3380
3381
3382
3383
3384
3385
3386
3387
3388
3389
3390
3391
3392
3393
3394
3395
3396
3397
3398
3399
3400
3401
3402
3403
3404
3405
3406
3407
3408
3409
3410
3411
3412
3413
3414
3415
3416
3417
3418
3419
3420
3421
3422
3423
3424
3425
3426
3427
3428
3429
3430
3431
3432
3433
3434
3435
3436
3437
3438
3439
3440
3441
3442
3443
3444
3445
3446
3447
3448
3449
3450
3451
3452
3453
3454
3455
3456
3457
3458
3459
3460
3461
3462
3463
3464
3465
3466
3467
3468
3469
3470
3471
3472
3473
3474
3475
3476
3477
3478
3479
3480
3481
3482
3483
3484
3485
3486
3487
3488
3489
3490
3491
3492
3493
3494
3495
3496
3497
3498
3499
3500
3501
3502
3503
3504
3505
3506
3507
3508
3509
3510
3511
3512
3513
3514
3515
3516
3517
3518
3519
3520
3521
3522
3523
3524
3525
3526
3527
3528
3529
3530
3531
3532
3533
3534
3535
3536
3537
3538
3539
3540
3541
3542
3543
3544
3545
3546
3547
3548
3549
3550
3551
3552
3553
3554
3555
3556
3557
3558
3559
3560
3561
3562
3563
3564
3565
3566
3567
3568
3569
3570
3571
3572
3573
3574
3575
3576
3577
3578
3579
3580
3581
3582
3583
3584
3585
3586
3587
3588
3589
3590
3591
3592
3593
3594
3595
3596
3597
3598
3599
3600
3601
3602
3603
3604
3605
3606
3607
3608
3609
3610
3611
3612
3613
3614
3615
3616
3617
3618
3619
3620
3621
3622
3623
3624
3625
3626
3627
3628
3629
3630
3631
3632
3633
3634
3635
3636
3637
3638
3639
3640
3641
3642
3643
3644
3645
3646
3647
3648
3649
3650
3651
3652
3653
3654
3655
3656
3657
3658
3659
3660
3661
3662
3663
3664
3665
3666
3667
3668
3669
3670
3671
3672
3673
3674
3675
3676
3677
3678
3679
3680
3681
3682
3683
3684
3685
3686
3687
3688
3689
3690
3691
3692
3693
3694
3695
3696
3697
3698
3699
3700
3701
3702
3703
3704
3705
3706
3707
3708
3709
3710
3711
3712
3713
3714
3715
3716
3717
3718
3719
3720
3721
3722
3723
3724
3725
3726
3727
3728
3729
3730
3731
3732
3733
3734
3735
3736
3737
3738
3739
3740
3741
3742
3743
3744
3745
3746
3747
3748
3749
3750
3751
3752
3753
3754
3755
3756
3757
3758
3759
3760
3761
3762
3763
3764
3765
3766
3767
3768
3769
3770
3771
3772
3773
3774
3775
3776
3777
3778
3779
3780
3781
3782
3783
3784
3785
3786
3787
3788
3789
3790
3791
3792
3793
3794
3795
3796
3797
3798
3799
3800
3801
3802
3803
3804
3805
3806
3807
3808
3809
3810
3811
3812
3813
3814
3815
3816
3817
3818
3819
3820
3821
3822
3823
3824
3825
3826
3827
3828
3829
3830
3831
3832
3833
3834
3835
3836
3837
3838
3839
3840
3841
3842
3843
3844
3845
3846
3847
3848
3849
3850
3851
3852
3853
3854
3855
3856
3857
3858
3859
3860
3861
3862
3863
3864
3865
3866
3867
3868
3869
3870
3871
3872
3873
3874
3875
3876
3877
3878
3879
3880
3881
3882
3883
3884
3885
3886
3887
3888
3889
3890
3891
3892
3893
3894
3895
3896
3897
3898
3899
3900
3901
3902
3903
3904
3905
3906
3907
3908
3909
3910
3911
3912
3913
3914
3915
3916
3917
3918
3919
3920
3921
3922
3923
3924
3925
3926
3927
3928
3929
3930
3931
3932
3933
3934
3935
3936
3937
3938
3939
3940
3941
3942
3943
3944
3945
3946
3947
3948
3949
3950
3951
3952
3953
3954
3955
3956
3957
3958
3959
3960
3961
3962
3963
3964
3965
3966
3967
3968
3969
3970
3971
3972
3973
3974
3975
3976
3977
3978
3979
3980
3981
3982
3983
3984
3985
3986
3987
3988
3989
3990
3991
3992
3993
3994
3995
3996
3997
3998
3999
4000
4001
4002
4003
4004
4005
4006
4007
4008
4009
4010
4011
4012
4013
4014
4015
4016
4017
4018
4019
4020
4021
4022
4023
4024
4025
4026
4027
4028
4029
4030
4031
4032
4033
4034
4035
4036
4037
4038
4039
4040
4041
4042
4043
4044
4045
4046
4047
4048
4049
4050
4051
4052
4053
4054
4055
4056
4057
4058
4059
4060
4061
4062
4063
4064
4065
4066
4067
4068
4069
4070
4071
4072
4073
4074
4075
4076
4077
4078
4079
4080
4081
4082
4083
4084
4085
4086
4087
4088
4089
4090
4091
4092
4093
4094
4095
4096
4097
4098
4099
4100
4101
4102
4103
4104
4105
4106
4107
4108
4109
4110
4111
4112
4113
4114
4115
4116
4117
4118
4119
4120
4121
4122
4123
4124
4125
4126
4127
4128
4129
4130
4131
4132
4133
4134
4135
4136
4137
4138
4139
4140
4141
4142
4143
4144
4145
4146
4147
4148
4149
4150
4151
4152
4153
4154
4155
4156
4157
4158
4159
4160
4161
4162
4163
4164
4165
4166
4167
4168
4169
4170
4171
4172
4173
4174
4175
4176
4177
4178
4179
4180
4181
4182
4183
4184
4185
4186
4187
4188
4189
4190
4191
4192
4193
4194
4195
4196
4197
4198
4199
4200
4201
4202
4203
4204
4205
4206
4207
4208
4209
4210
4211
4212
4213
4214
4215
4216
4217
4218
4219
4220
4221
4222
4223
4224
4225
4226
4227
4228
4229
4230
4231
4232
4233
4234
4235
4236
4237
4238
4239
4240
4241
4242
4243
4244
4245
4246
4247
4248
4249
4250
4251
4252
4253
4254
4255
4256
4257
4258
4259
4260
4261
4262
4263
4264
4265
4266
4267
4268
4269
4270
4271
4272
4273
4274
4275
4276
4277
4278
4279
4280
4281
4282
4283
4284
4285
4286
4287
4288
4289
4290
4291
4292
4293
4294
4295
4296
4297
4298
4299
4300
4301
4302
4303
4304
4305
4306
4307
4308
4309
4310
4311
4312
4313
4314
4315
4316
4317
4318
4319
4320
4321
4322
4323
4324
4325
4326
4327
4328
4329
4330
4331
4332
4333
4334
4335
4336
4337
4338
4339
4340
4341
4342
4343
4344
4345
4346
4347
4348
4349
4350
4351
4352
4353
4354
4355
4356
4357
4358
4359
4360
4361
4362
4363
4364
4365
4366
4367
4368
4369
4370
4371
4372
4373
4374
4375
4376
4377
4378
4379
4380
4381
4382
4383
4384
4385
4386
4387
4388
4389
4390
4391
4392
4393
4394
4395
4396
4397
4398
4399
4400
4401
4402
4403
4404
4405
4406
4407
4408
4409
4410
4411
4412
4413
4414
4415
4416
4417
4418
4419
4420
4421
4422
4423
4424
4425
4426
4427
4428
4429
4430
4431
4432
4433
4434
4435
4436
4437
4438
4439
4440
4441
4442
4443
4444
4445
4446
4447
4448
4449
4450
4451
4452
4453
4454
4455
4456
4457
4458
4459
4460
4461
4462
4463
4464
4465
4466
4467
4468
4469
4470
4471
4472
4473
4474
4475
4476
4477
4478
4479
4480
4481
4482
4483
4484
4485
4486
4487
4488
4489
4490
4491
4492
4493
4494
4495
4496
4497
4498
4499
4500
4501
4502
4503
4504
4505
4506
4507
4508
4509
4510
4511
4512
4513
4514
4515
4516
4517
4518
4519
4520
4521
4522
4523
4524
4525
4526
4527
4528
4529
4530
4531
4532
4533
4534
4535
4536
4537
4538
4539
4540
4541
4542
4543
4544
4545
4546
4547
4548
4549
4550
4551
4552
4553
4554
4555
4556
4557
4558
4559
4560
4561
4562
4563
4564
4565
4566
4567
4568
4569
4570
4571
4572
4573
4574
4575
4576
4577
4578
4579
4580
4581
4582
4583
4584
4585
4586
4587
4588
4589
4590
4591
4592
4593
4594
4595
4596
4597
4598
4599
4600
4601
4602
4603
4604
4605
4606
4607
4608
4609
4610
4611
4612
4613
4614
4615
4616
4617
4618
4619
4620
4621
4622
4623
4624
4625
4626
4627
4628
4629
4630
4631
4632
4633
4634
4635
4636
4637
4638
4639
4640
4641
4642
4643
4644
4645
4646
4647
4648
4649
4650
4651
4652
4653
4654
4655
4656
4657
4658
4659
4660
4661
4662
4663
4664
4665
4666
4667
4668
4669
4670
4671
4672
4673
4674
4675
4676
4677
4678
4679
4680
4681
4682
4683
4684
4685
4686
4687
4688
4689
4690
4691
4692
4693
4694
4695
4696
4697
4698
4699
4700
4701
4702
4703
4704
4705
4706
4707
4708
4709
4710
4711
4712
4713
4714
4715
4716
4717
4718
4719
4720
4721
4722
4723
4724
4725
4726
4727
4728
4729
4730
4731
4732
4733
4734
4735
4736
4737
4738
4739
4740
4741
4742
4743
4744
4745
4746
4747
4748
4749
4750
4751
4752
4753
4754
4755
4756
4757
4758
4759
4760
4761
4762
4763
4764
4765
4766
4767
4768
4769
4770
4771
4772
4773
4774
4775
4776
4777
4778
4779
4780
4781
4782
4783
4784
4785
4786
4787
4788
4789
4790
4791
4792
4793
4794
4795
4796
4797
4798
4799
4800
4801
4802
4803
4804
4805
4806
4807
4808
4809
4810
4811
4812
4813
4814
4815
4816
4817
4818
4819
4820
4821
4822
4823
4824
4825
4826
4827
4828
4829
4830
4831
4832
4833
4834
4835
4836
4837
4838
4839
4840
4841
4842
4843
4844
4845
4846
4847
4848
4849
4850
4851
4852
4853
4854
4855
4856
4857
4858
4859
4860
4861
4862
4863
4864
4865
4866
4867
4868
4869
4870
4871
4872
4873
4874
4875
4876
4877
4878
4879
4880
4881
4882
4883
4884
4885
4886
4887
4888
4889
4890
4891
4892
4893
4894
4895
4896
4897
4898
4899
4900
4901
4902
4903
4904
4905
4906
4907
4908
4909
4910
4911
4912
4913
4914
4915
4916
4917
4918
4919
4920
4921
4922
4923
4924
4925
4926
4927
4928
4929
4930
4931
4932
4933
4934
4935
4936
4937
4938
4939
4940
4941
4942
4943
4944
4945
4946
4947
4948
4949
4950
4951
4952
4953
4954
4955
4956
4957
4958
4959
4960
4961
4962
4963
4964
4965
4966
4967
4968
4969
4970
4971
4972
4973
4974
4975
4976
4977
4978
4979
4980
4981
4982
4983
4984
4985
4986
4987
4988
4989
4990
4991
4992
4993
4994
4995
4996
4997
4998
4999
5000
5001
5002
5003
5004
5005
5006
5007
5008
5009
5010
5011
5012
5013
5014
5015
5016
5017
5018
5019
5020
5021
5022
5023
5024
5025
5026
5027
5028
5029
5030
5031
5032
5033
5034
5035
5036
5037
5038
5039
5040
5041
5042
5043
5044
5045
5046
5047
5048
5049
5050
5051
5052
5053
5054
5055
5056
5057
5058
5059
5060
5061
5062
5063
5064
5065
5066
5067
5068
5069
5070
5071
5072
5073
5074
5075
5076
5077
5078
5079
5080
5081
5082
5083
5084
5085
5086
5087
5088
5089
5090
5091
5092
5093
5094
5095
5096
5097
5098
5099
5100
5101
5102
5103
5104
5105
5106
5107
5108
5109
5110
5111
5112
5113
5114
5115
5116
5117
5118
5119
5120
5121
5122
5123
5124
5125
5126
5127
5128
5129
5130
5131
5132
5133
5134
5135
5136
5137
5138
5139
5140
5141
5142
5143
5144
5145
5146
5147
5148
5149
5150
5151
5152
5153
5154
5155
5156
5157
5158
5159
5160
5161
5162
5163
5164
5165
5166
5167
5168
5169
5170
5171
5172
5173
5174
5175
5176
5177
5178
5179
5180
5181
5182
5183
5184
5185
5186
5187
5188
5189
5190
5191
5192
5193
5194
5195
5196
5197
5198
5199
5200
5201
5202
5203
5204
5205
5206
5207
5208
5209
5210
5211
5212
5213
5214
5215
5216
5217
5218
5219
5220
5221
5222
5223
5224
5225
5226
5227
5228
5229
5230
5231
5232
5233
5234
5235
5236
5237
5238
5239
5240
5241
5242
5243
5244
5245
5246
5247
5248
5249
5250
5251
5252
5253
5254
5255
5256
5257
5258
5259
5260
5261
5262
5263
5264
5265
5266
5267
5268
5269
5270
5271
5272
5273
5274
5275
5276
5277
5278
5279
5280
5281
5282
5283
5284
5285
5286
5287
5288
5289
5290
5291
5292
5293
5294
5295
5296
5297
5298
5299
5300
5301
5302
5303
5304
5305
5306
5307
5308
5309
5310
5311
5312
5313
5314
5315
5316
5317
5318
5319
5320
5321
5322
5323
5324
5325
5326
5327
5328
5329
5330
5331
5332
5333
5334
5335
5336
5337
5338
5339
5340
5341
5342
5343
5344
5345
5346
5347
5348
5349
5350
5351
5352
5353
5354
5355
5356
5357
5358
5359
5360
5361
5362
5363
5364
5365
5366
5367
5368
5369
5370
5371
5372
5373
5374
5375
5376
5377
5378
5379
5380
5381
5382
5383
5384
5385
5386
5387
5388
5389
5390
5391
5392
5393
5394
5395
5396
5397
5398
5399
5400
5401
5402
5403
5404
5405
5406
5407
5408
5409
5410
5411
5412
5413
5414
5415
5416
5417
5418
5419
5420
5421
5422
5423
5424
5425
5426
5427
5428
5429
5430
5431
5432
5433
5434
5435
5436
5437
5438
5439
5440
5441
5442
5443
5444
5445
5446
5447
5448
5449
5450
5451
5452
5453
5454
5455
5456
5457
5458
5459
5460
5461
5463
5464
5465
5466
5467
5469
5470
5471
5472
5474
5475
5476
5477
5479
5480
5481
5482
5484
5486
5488
5489
5492
5493
5495
5496
5497
5498
5499
5500
5501
5502
5504
5506
5507
5509
5510
5511
5512
5513
5516
5517
5520
5521
5522
5524
5525
5526
5528
5530
5533
5534
5535
5537
5539
5540
5541
5543
5546
5548
5550
5551
5552
5553
5555
5558
5559
5560
5561
5564
5565
5566
5567
5570
5571
5572
5573
5577
5578
5579
5581
5582
5583
5584
5585
5586
5587
5588
5590
5592
5593
5594
5595
5597
5598
5603
5604
5607
5608
5609
5610
5612
5614
5615
5616
5617
5618
5619
5621
5622
5624
5625
5627
5628
5629
5630
5632
5633
5634
5635
5636
5637
5638
5639
5641
5643
5645
5646
5647
5648
5650
5652
5653
5654
5656
5658
5659
5661
5662
5663
5665
5666
5667
5668
5669
5670
5672
5674
5675
5676
5677
5678
5680
5682
5683
5684
5687
5689
5690
5691
5692
5693
5694
5698
5700
5701
5702
5703
5705
5706
5710
5711
5714
5715
5716
5717
5718
5719
5720
5721
5722
5724
5725
5728
5731
5732
5734
5735
5736
5739
5740
5742
5744
5745
5746
5751
5753
5754
5757
5758
5759
5760
5761
5762
5764
5766
5769
5772
5773
5775
5776
5777
5778
5779
5780
5782
5784
5785
5786
5787
5789
5791
5794
5795
5796
5797
5798
5799
5800
5802
5803
5804
5805
5806
5807
5809
5815
5818
5821
5822
5823
5826
5827
5829
5835
5836
5837
5838
5839
5840
5845
5846
5847
5848
5849
5850
5852
5853
5855
5857
5860
5861
5863
5864
5867
5868
5870
5871
5872
5873
5876
5879
5880
5881
5882
5886
5888
5890
5891
5892
5895
5896
5897
5898
5900
5902
5903
5908
5909
5910
5913
5914
5915
5916
5917
5918
5920
5921
5922
5923
5925
5927
5928
5929
5930
5931
5933
5934
5935
5936
5937
5938
5939
5940
5943
5944
5945
5946
5948
5949
5950
5952
5953
5954
5955
5956
5957
5959
5961
5962
5965
5966
5968
5969
5970
5971
5972
5976
5978
5979
5981
5983
5985
5987
5988
5990
5991
5992
5993
5994
5995
5998
5999
6000
6002
6003
6004
6007
6009
6010
6012
6013
6014
6018
6019
6020
6021
6025
6026
6028
6031
6032
6033
6035
6036
6038
6039
6041
6042
6043
6044
6047
6048
6049
6051
6056
6059
6061
6063
6064
6065
6066
6068
6069
6072
6074
6076
6077
6078
6079
6080
6081
6082
6083
6086
6088
6089
6090
6091
6093
6094
6097
6098
6099
6100
6102
6103
6105
6108
6109
6111
6112
6113
6114
6117
6118
6119
6120
6121
6122
6123
6124
6125
6127
6129
6130
6131
6132
6133
6135
6136
6137
6138
6139
6140
6142
6143
6144
6145
6146
6147
6149
6150
6151
6152
6153
6154
6156
6157
6159
6160
6162
6164
6165
6166
6167
6168
6169
6170
6171
6172
6173
6174
6175
6177
6178
6180
6181
6183
6184
6185
6186
6187
6188
6189
6190
6192
6193
6194
6195
6196
6200
6202
6204
6206
6207
6208
6209
6210
6211
6212
6214
6215
6216
6217
6218
6219
6220
6221
6222
6223
6224
6225
6228
6230
6231
6234
6235
6236
6237
6238
6239
6240
6242
6243
6245
6246
6248
6249
6250
6253
6254
6255
6258
6262
6263
6266
6267
6268
6269
6270
6271
6273
6274
6276
6278
6279
6280
6282
6283
6284
6285
6286
6288
6290
6291
6292
6294
6296
6298
6299
6302
6303
6304
6305
6306
6307
6308
6309
6312
6313
6315
6316
6318
6319
6320
6322
6323
6324
6325
6326
6327
6328
6329
6330
6331
6333
6334
6336
6337
6338
6340
6341
6342
6344
6345
6346
6347
6350
6354
6355
6356
6357
6358
6359
6360
6362
6364
6367
6368
6369
6370
6371
6373
6376
6378
6380
6381
6383
6384
6385
6387
6390
6391
6392
6395
6396
6397
6398
6403
6405
6406
6410
6411
6413
6415
6417
6418
6419
6420
6421
6422
6424
6425
6427
6428
6429
6431
6432
6433
6435
6438
6441
6442
6443
6444
6445
6446
6448
6451
6452
6453
6454
6459
6460
6463
6465
6466
6467
6468
6470
6472
6473
6475
6476
6477
6479
6480
6481
6482
6483
6484
6488
6489
6490
6492
6493
6494
6495
6496
6500
6502
6505
6507
6508
6509
6510
6512
6513
6514
6517
6519
6520
6523
6524
6526
6530
6531
6534
6535
6537
6538
6539
6544
6549
6551
6552
6553
6554
6556
6557
6560
6561
6564
6565
6566
6567
6568
6570
6572
6573
6574
6575
6576
6577
6578
6580
6581
6582
6583
6584
6585
6586
6588
6590
6591
6592
6593
6594
6596
6597
6599
6600
6603
6604
6605
6608
6609
6610
6611
6613
6614
6615
6618
6619
6620
6621
6625
6626
6627
6628
6633
6635
6636
6637
6638
6641
6642
6643
6645
6647
6648
6649
6650
6651
6652
6653
6655
6656
6657
6658
6659
6661
6662
6663
6665
6667
6668
6669
6670
6671
6672
6673
6674
6677
6679
6680
6683
6684
6685
6686
6689
6691
6692
6695
6697
6698
6699
6702
6703
6704
6705
6706
6707
6708
6709
6711
6712
6715
6716
6717
6718
6719
6720
6722
6724
6725
6726
6727
6729
6730
6731
6732
6735
6738
6742
6745
6746
6748
6750
6752
6754
6756
6757
6758
6760
6762
6763
6764
6765
6766
6767
6768
6769
6770
6771
6772
6773
6774
6775
6776
6777
6779
6780
6782
6784
6786
6787
6790
6792
6793
6796
6797
6799
6800
6803
6804
6806
6809
6810
6812
6813
6815
6816
6818
6820
6822
6825
6826
6827
6828
6830
6832
6833
6834
6836
6840
6841
6842
6847
6848
6849
6850
6852
6853
6854
6856
6857
6858
6860
6861
6864
6866
6868
6869
6870
6872
6873
6874
6875
6876
6878
6879
6880
6881
6882
6883
6885
6887
6888
6889
6890
6894
6895
6896
6897
6902
6904
6906
6907
6908
6909
6910
6911
6913
6914
6915
6916
6918
6919
6920
6922
6923
6924
6925
6927
6928
6931
6933
6934
6935
6938
6939
6940
6945
6947
6949
6951
6953
6955
6957
6958
6959
6960
6961
6962
6964
6965
6967
6968
6969
6970
6971
6972
6974
6977
6978
6980
6981
6982
6983
6984
6985
6986
6987
6989
6990
6992
6993
6994
6996
6997
6998
6999
7001
7005
7006
7007
7008
7011
7014
7015
7016
7018
7019
7023
7024
7026
7028
7029
7030
7033
7034
7038
7039
7040
7041
7042
7043
7044
7047
7048
7051
7052
7053
7054
7055
7058
7060
7061
7063
7064
7066
7067
7069
7071
7072
7078
7079
7080
7081
7083
7087
7089
7090
7091
7092
7094
7095
7097
7099
7101
7102
7103
7104
7105
7107
7109
7110
7111
7114
7115
7116
7118
7119
7120
7122
7125
7126
7127
7129
7132
7133
7134
7135
7137
7138
7139
7141
7142
7143
7144
7145
7146
7147
7150
7151
7153
7155
7156
7158
7161
7163
7164
7165
7166
7167
7168
7169
7171
7172
7173
7176
7178
7180
7181
7183
7185
7187
7188
7191
7192
7194
7195
7198
7199
7200
7201
7203
7206
7207
7208
7209
7211
7214
7215
7217
7218
7219
7220
7221
7222
7223
7224
7225
7226
7228
7232
7233
7234
7236
7237
7238
7239
7240
7241
7244
7245
7247
7249
7252
7254
7256
7257
7258
7259
7260
7262
7263
7264
7265
7266
7267
7268
7269
7270
7271
7272
7273
7274
7275
7276
7277
7278
7280
7283
7285
7289
7290
7291
7292
7293
7294
7295
7296
7297
7299
7302
7303
7306
7307
7308
7309
7310
7311
7313
7314
7316
7317
7320
7321
7322
7323
7324
7325
7326
7327
7328
7329
7330
7334
7335
7338
7341
7342
7344
7345
7346
7347
7351
7352
7353
7354
7356
7357
7358
7359
7361
7363
7364
7365
7366
7367
7368
7369
7370
7371
7372
7373
7376
7377
7378
7379
7382
7385
7386
7389
7391
7392
7393
7394
7395
7397
7398
7400
7401
7402
7404
7406
7407
7408
7409
7410
7411
7412
7414
7415
7416
7417
7418
7420
7421
7423
7424
7427
7428
7430
7432
7433
7434
7435
7436
7438
7439
7442
7444
7446
7447
7449
7450
7451
7452
7453
7454
7455
7456
7458
7460
7461
7462
7463
7465
7466
7467
7469
7470
7473
7474
7475
7476
7477
7478
7480
7481
7482
7485
7486
7487
7489
7490
7491
7492
7493
7494
7495
7496
7497
7500
7503
7504
7506
7507
7509
7510
7513
7514
7516
7517
7519
7520
7522
7523
7528
7529
7530
7532
7533
7534
7535
7536
7537
7539
7540
7541
7544
7545
7546
7550
7552
7555
7556
7557
7558
7560
7561
7563
7564
7566
7567
7569
7572
7573
7574
7575
7576
7580
7581
7582
7585
7586
7587
7588
7589
7590
7591
7592
7593
7595
7596
7597
7598
7599
7600
7601
7602
7605
7607
7608
7610
7612
7613
7614
7615
7616
7617
7618
7619
7620
7621
7622
7624
7626
7627
7630
7633
7635
7636
7637
7638
7640
7641
7643
7644
7645
7646
7647
7648
7650
7651
7652
7654
7655
7657
7658
7659
7661
7662
7663
7664
7667
7668
7669
7670
7671
7672
7674
7676
7677
7680
7683
7685
7687
7690
7691
7692
7693
7697
7698
7699
7700
7701
7702
7704
7705
7707
7708
7712
7714
7716
7717
7718
7719
7720
7722
7724
7725
7726
7729
7730
7731
7732
7734
7739
7740
7742
7744
7745
7747
7748
7750
7751
7753
7754
7756
7757
7759
7760
7761
7762
7763
7764
7766
7767
7770
7771
7772
7773
7774
7775
7776
7777
7781
7782
7783
7785
7786
7788
7789
7790
7791
7792
7794
7795
7796
7797
7798
7801
7802
7803
7804
7805
7807
7809
7811
7813
7814
7817
7818
7819
7821
7825
7826
7830
7831
7832
7834
7835
7836
7837
7839
7840
7842
7843
7845
7846
7847
7848
7849
7850
7851
7852
7853
7855
7856
7857
7858
7859
7863
7865
7867
7868
7869
7871
7872
7873
7874
7877
7881
7884
7887
7888
7889
7893
7896
7897
7898
7900
7903
7904
7905
7906
7907
7908
7909
7911
7912
7913
7916
7917
7918
7919
7924
7926
7927
7930
7931
7932
7934
7935
7936
7938
7941
7942
7943
7946
7949
7950
7951
7953
7958
7959
7960
7963
7964
7965
7967
7969
7971
7972
7973
7975
7976
7980
7981
7983
7985
7986
7987
7989
7990
7991
7992
7995
7998
7999
8000
8001
8002
8003
8004
8005
8006
8007
8008
8011
8015
8017
8018
8019
8020
8021
8022
8023
8026
8027
8028
8029
8030
8031
8032
8033
8035
8036
8037
8039
8041
8042
8044
8045
8046
8047
8049
8051
8052
8055
8056
8059
8060
8061
8062
8064
8065
8066
8067
8069
8070
8072
8075
8076
8077
8078
8080
8081
8082
8084
8085
8088
8091
8092
8093
8094
8096
8097
8098
8100
8101
8103
8104
8106
8108
8109
8110
8111
8112
8113
8114
8115
8116
8117
8118
8119
8120
8122
8123
8125
8126
8129
8130
8132
8135
8136
8137
8139
8141
8143
8145
8146
8148
8150
8151
8152
8153
8154
8156
8157
8160
8161
8164
8166
8167
8168
8169
8170
8171
8174
8175
8178
8179
8181
8182
8183
8185
8186
8189
8192
8195
8196
8198
8199
8203
8206
8207
8209
8210
8211
8214
8215
8216
8217
8220
8221
8222
8223
8224
8225
8226
8227
8228
8229
8230
8231
8233
8234
8236
8237
8238
8240
8241
8243
8246
8247
8249
8250
8251
8252
8254
8256
8261
8262
8263
8264
8265
8267
8272
8273
8278
8281
8283
8284
8285
8286
8287
8288
8289
8291
8296
8297
8299
8300
8302
8303
8304
8305
8308
8309
8310
8314
8315
8316
8317
8318
8319
8320
8322
8323
8332
8333
8334
8337
8338
8342
8343
8345
8351
8352
8353
8356
8357
8360
8361
8364
8365
8366
8369
8373
8374
8375
8376
8378
8379
8380
8381
8383
8384
8385
8388
8389
8390
8391
8392
8393
8394
8395
8396
8397
8398
8401
8402
8403
8404
8405
8406
8407
8408
8411
8412
8413
8414
8415
8417
8418
8420
8421
8423
8424
8426
8427
8428
8429
8430
8431
8432
8433
8435
8437
8438
8439
8441
8442
8443
8444
8446
8448
8449
8450
8451
8452
8453
8455
8457
8459
8460
8461
8462
8463
8464
8465
8466
8468
8471
8472
8473
8474
8476
8477
8478
8479
8480
8481
8482
8483
8484
8487
8489
8490
8491
8492
8493
8494
8495
8496
8497
8498
8499
8500
8502
8503
8504
8505
8506
8507
8509
8510
8512
8513
8514
8515
8516
8517
8518
8520
8521
8524
8525
8526
8527
8528
8529
8531
8532
8533
8534
8536
8537
8538
8542
8547
8548
8549
8551
8552
8553
8554
8557
8558
8559
8561
8562
8564
8566
8567
8568
8569
8571
8572
8574
8575
8576
8578
8580
8582
8583
8584
8586
8587
8588
8589
8590
8591
8592
8594
8595
8598
8601
8602
8603
8605
8606
8607
8614
8616
8617
8618
8623
8626
8628
8630
8631
8632
8633
8634
8636
8637
8640
8641
8643
8644
8646
8648
8649
8651
8652
8654
8655
8656
8657
8658
8659
8660
8662
8664
8667
8668
8671
8672
8673
8676
8678
8680
8681
8684
8686
8688
8689
8692
8693
8696
8697
8702
8704
8705
8706
8707
8708
8710
8712
8713
8718
8719
8720
8723
8724
8725
8726
8727
8729
8731
8732
8736
8738
8739
8740
8741
8743
8744
8746
8747
8748
8749
8750
8751
8754
8758
8759
8763
8766
8769
8770
8771
8772
8774
8776
8780
8781
8782
8783
8784
8785
8786
8787
8789
8790
8791
8792
8793
8794
8799
8800
8801
8802
8803
8805
8806
8807
8810
8811
8814
8815
8816
8817
8819
8821
8822
8823
8825
8828
8831
8832
8833
8834
8835
8837
8839
8843
8844
8845
8848
8849
8850
8851
8853
8855
8856
8857
8860
8861
8862
8863
8865
8866
8867
8868
8869
8871
8872
8873
8874
8875
8876
8877
8882
8886
8887
8889
8890
8891
8893
8894
8896
8897
8898
8900
8902
8903
8905
8906
8908
8911
8912
8913
8917
8919
8923
8924
8925
8926
8927
8928
8929
8931
8933
8934
8935
8936
8937
8939
8941
8942
8944
8947
8949
8951
8952
8953
8955
8956
8957
8960
8961
8962
8964
8966
8967
8968
8969
8970
8971
8972
8974
8977
8978
8979
8982
8984
8985
8987
8988
8990
8992
8993
8994
8995
8996
8997
8998
9006
9007
9008
9012
9014
9015
9016
9020
9022
9024
9025
9027
9028
9029
9030
9032
9033
9034
9037
9038
9039
9040
9041
9043
9044
9045
9047
9048
9051
9054
9055
9057
9059
9060
9062
9065
9066
9067
9068
9071
9073
9074
9076
9077
9080
9083
9085
9086
9087
9091
9093
9095
9096
9100
9101
9103
9104
9105
9109
9110
9111
9114
9118
9119
9120
9121
9127
9129
9130
9131
9132
9134
9139
9144
9145
9147
9148
9149
9150
9151
9152
9153
9156
9158
9160
9161
9164
9165
9167
9168
9169
9170
9172
9173
9174
9175
9176
9177
9180
9182
9184
9185
9188
9189
9191
9192
9194
9196
9197
9200
9203
9204
9206
9207
9208
9210
9211
9213
9214
9215
9216
9218
9220
9221
9222
9225
9226
9227
9228
9229
9230
9231
9234
9235
9236
9239
9240
9241
9243
9244
9245
9246
9247
9249
9253
9255
9259
9262
9263
9264
9265
9266
9267
9268
9269
9270
9272
9275
9276
9277
9278
9279
9281
9283
9284
9285
9286
9287
9288
9290
9292
9293
9294
9295
9296
9297
9298
9299
9300
9301
9302
9305
9308
9309
9310
9311
9313
9314
9315
9317
9320
9322
9323
9324
9325
9326
9327
9329
9330
9331
9332
9333
9334
9335
9336
9339
9340
9341
9342
9343
9350
9351
9352
9353
9355
9356
9357
9358
9363
9364
9366
9367
9368
9369
9371
9373
9374
9375
9377
9378
9380
9381
9383
9384
9385
9386
9387
9388
9392
9393
9394
9395
9396
9399
9400
9401
9402
9403
9404
9405
9406
9407
9411
9412
9414
9417
9418
9419
9423
9425
9427
9431
9433
9434
9435
9436
9437
9439
9440
9441
9442
9443
9445
9446
9447
9450
9451
9452
9453
9454
9456
9457
9458
9459
9460
9462
9467
9470
9471
9472
9473
9474
9476
9477
9478
9480
9481
9486
9487
9490
9491
9493
9495
9498
9499
9500
9501
9502
9503
9504
9505
9508
9509
9510
9514
9515
9516
9517
9519
9520
9523
9525
9528
9533
9536
9538
9542
9543
9545
9548
9549
9550
9551
9553
9554
9555
9556
9557
9559
9561
9562
9565
9566
9568
9570
9572
9573
9574
9575
9576
9577
9578
9579
9580
9581
9583
9584
9585
9587
9589
9591
9592
9594
9595
9596
9597
9599
9605
9606
9607
9614
9615
9617
9619
9620
9621
9623
9625
9626
9627
9628
9629
9631
9632
9633
9635
9638
9639
9640
9642
9643
9645
9648
9649
9650
9653
9654
9655
9656
9657
9659
9661
9662
9663
9664
9667
9669
9670
9672
9675
9676
9677
9682
9683
9688
9697
9698
9699
9700
9701
9703
9705
9706
9708
9710
9712
9713
9714
9718
9721
9722
9725
9726
9727
9730
9731
9733
9734
9736
9739
9740
9741
9743
9745
9747
9748
9749
9750
9751
9753
9754
9755
9758
9761
9766
9767
9770
9772
9774
9775
9778
9779
9780
9781
9783
9785
9790
9792
9793
9794
9795
9798
9799
9801
9803
9804
9807
9808
9809
9810
9813
9814
9816
9817
9818
9820
9821
9822
9823
9824
9825
9827
9828
9829
9830
9831
9833
9836
9837
9839
9840
9842
9843
9844
9847
9848
9850
9852
9853
9855
9856
9857
9865
9866
9867
9870
9871
9873
9874
9876
9877
9878
9879
9881
9882
9884
9885
9886
9889
9892
9895
9896
9902
9903
9905
9907
9909
9910
9914
9916
9917
9918
9919
9920
9921
9922
9923
9924
9925
9928
9930
9933
9937
9938
9940
9942
9943
9945
9947
9949
9950
9951
9952
9953
9955
9956
9958
9959
9960
9962
9964
9966
9968
9969
9970
9972
9973
9974
9976
9977
9978
9980
9981
9983
9984
9985
9987
9988
9990
9991
9993
9994
9995
9997
9999
10001
10002
10004
10005
10006
10007
10008
10009
10010
10011
10012
10013
10015
10017
10018
10020
10021
10022
10025
10026
10028
10029
10031
10033
10034
10035
10037
10039
10041
10045
10049
10050
10051
10052
10053
10054
10058
10060
10062
10063
10066
10068
10074
10075
10076
10078
10080
10081
10083
10085
10087
10088
10093
10094
10095
10096
10097
10098
10100
10103
10105
10106
10107
10108
10109
10111
10112
10113
10114
10117
10118
10119
10122
10126
10127
10128
10129
10130
10133
10136
10137
10138
10139
10140
10142
10144
10145
10149
10154
10159
10160
10162
10163
10164
10165
10166
10169
10170
10171
10173
10177
10178
10181
10183
10184
10185
10187
10188
10189
10191
10192
10195
10197
10198
10199
10201
10203
10204
10208
10209
10210
10212
10213
10215
10217
10219
10220
10222
10223
10226
10228
10231
10232
10233
10234
10235
10236
10238
10242
10243
10244
10245
10246
10249
10250
10251
10253
10254
10257
10258
10260
10261
10263
10264
10265
10266
10267
10268
10269
10271
10272
10274
10277
10279
10280
10281
10284
10285
10286
10288
10289
10294
10295
10297
10298
10299
10301
10304
10305
10306
10307
10309
10311
10314
10317
10318
10322
10326
10327
10328
10330
10331
10333
10335
10338
10339
10340
10341
10343
10344
10345
10346
10348
10349
10350
10354
10355
10356
10359
10361
10363
10367
10368
10370
10371
10372
10374
10375
10376
10379
10380
10383
10384
10385
10386
10387
10388
10389
10390
10391
10392
10393
10397
10399
10401
10404
10407
10408
10409
10410
10414
10417
10418
10420
10421
10423
10424
10428
10429
10430
10431
10432
10433
10435
10436
10438
10439
10441
10442
10445
10447
10448
10449
10451
10452
10455
10460
10462
10463
10464
10467
10468
10469
10470
10472
10473
10474
10476
10477
10480
10481
10482
10483
10485
10487
10488
10489
10492
10493
10495
10496
10497
10499
10500
10502
10504
10505
10506
10507
10508
10509
10510
10512
10513
10517
10518
10519
10521
10523
10524
10529
10532
10533
10535
10536
10537
10538
10539
10540
10543
10544
10547
10548
10550
10551
10553
10554
10555
10556
10557
10558
10559
10560
10561
10562
10564
10565
10566
10567
10568
10569
10570
10573
10574
10575
10577
10578
10579
10580
10581
10583
10584
10586
10587
10589
10591
10592
10594
10596
10597
10598
10599
10600
10601
10602
10605
10608
10611
10613
10614
10615
10616
10617
10620
10624
10625
10626
10627
10628
10632
10633
10634
10635
10636
10637
10638
10639
10642
10643
10645
10646
10647
10648
10650
10651
10653
10655
10656
10658
10659
10660
10661
10662
10663
10664
10665
10667
10670
10672
10673
10674
10676
10677
10678
10679
10680
10681
10683
10686
10689
10691
10693
10694
10695
10696
10700
10703
10706
10714
10717
10718
10721
10722
10723
10724
10725
10726
10731
10733
10734
10736
10737
10739
10740
10741
10743
10746
10749
10752
10753
10754
10755
10756
10758
10759
10762
10763
10764
10765
10767
10769
10770
10771
10773
10774
10775
10777
10780
10783
10786
10787
10788
10789
10791
10792
10793
10796
10798
10801
10805
10807
10808
10811
10812
10813
10814
10815
10819
10820
10821
10822
10824
10827
10830
10831
10832
10833
10834
10835
10836
10839
10841
10842
10844
10845
10847
10849
10850
10852
10855
10856
10857
10858
10860
10862
10864
10865
10867
10868
10869
10874
10876
10877
10878
10880
10884
10885
10886
10888
10889
10890
10891
10892
10893
10897
10898
10899
10900
10904
10905
10906
10907
10908
10910
10912
10913
10914
10916
10917
10923
10924
10925
10930
10932
10933
10935
10936
10937
10938
10939
10945
10946
10947
10953
10956
10957
10958
10959
10960
10963
10965
10968
10969
10970
10971
10973
10974
10975
10977
10978
10979
10980
10981
10982
10983
10984
10986
10989
10990
10991
10994
10995
10997
10998
10999
11003
11005
11006
11008
11009
11011
11013
11015
11016
11018
11020
11021
11023
11024
11027
11030
11033
11035
11042
11045
11047
11049
11050
11051
11052
11053
11055
11056
11057
11060
11062
11063
11066
11070
11071
11072
11074
11075
11082
11083
11084
11085
11086
11087
11089
11090
11092
11093
11095
11098
11100
11101
11102
11105
11106
11107
11108
11110
11112
11115
11116
11117
11118
11119
11120
11122
11123
11125
11127
11129
11130
11131
11133
11135
11136
11137
11139
11140
11141
11142
11144
11145
11146
11147
11148
11150
11154
11155
11157
11158
11159
11161
11164
11166
11167
11171
11176
11177
11179
11180
11182
11186
11187
11188
11190
11191
11196
11197
11198
11199
11203
11204
11205
11207
11210
11211
11212
11213
11216
11218
11219
11220
11221
11222
11223
11224
11225
11226
11227
11228
11229
11233
11234
11236
11237
11238
11239
11244
11245
11246
11248
11249
11250
11251
11254
11255
11256
11257
11258
11259
11261
11263
11265
11266
11267
11270
11272
11273
11274
11275
11277
11278
11279
11280
11282
11284
11285
11286
11287
11288
11290
11295
11297
11298
11299
11301
11303
11304
11305
11306
11308
11309
11310
11314
11318
11319
11321
11322
11324
11327
11328
11329
11330
11331
11332
11333
11336
11337
11339
11340
11343
11345
11348
11349
11350
11354
11361
11364
11365
11366
11367
11368
11369
11371
11373
11374
11375
11377
11378
11380
11381
11383
11384
11385
11386
11387
11388
11389
11390
11393
11395
11396
11398
11399
11400
11401
11403
11405
11412
11414
11415
11417
11420
11421
11422
11423
11424
11426
11427
11428
11432
11438
11439
11440
11442
11444
11446
11447
11448
11449
11451
11452
11455
11456
11457
11458
11459
11460
11461
11462
11463
11467
11470
11471
11472
11473
11474
11476
11478
11479
11480
11481
11482
11483
11485
11486
11487
11488
11489
11491
11493
11494
11495
11496
11497
11499
11500
11501
11503
11504
11505
11507
11508
11509
11512
11513
11515
11516
11517
11518
11519
11521
11522
11523
11525
11527
11528
11530
11531
11532
11533
11534
11537
11539
11540
11541
11542
11543
11546
11547
11548
11549
11551
11552
11553
11554
11555
11556
11557
11558
11559
11560
11563
11564
11565
11566
11567
11568
11570
11573
11574
11576
11577
11578
11579
11581
11583
11584
11587
11589
11591
11593
11597
11598
11599
11607
11608
11609
11611
11612
11613
11616
11618
11621
11623
11626
11627
11628
11630
11631
11632
11634
11635
11637
11638
11639
11646
11647
11648
11649
11651
11654
11655
11657
11658
11659
11660
11662
11663
11664
11665
11667
11668
11670
11671
11673
11674
11675
11676
11678
11680
11681
11682
11685
11687
11688
11690
11692
11694
11695
11696
11697
11701
11704
11705
11708
11711
11712
11713
11715
11716
11717
11719
11720
11722
11723
11724
11725
11727
11729
11730
11732
11733
11735
11736
11737
11742
11743
11745
11746
11747
11748
11750
11751
11752
11753
11754
11755
11756
11757
11759
11760
11764
11765
11767
11768
11771
11772
11773
11774
11777
11778
11779
11781
11782
11785
11786
11787
11788
11791
11796
11797
11798
11799
11801
11803
11804
11805
11806
11807
11811
11812
11814
11815
11818
11819
11820
11821
11822
11823
11824
11826
11828
11829
11830
11831
11832
11835
11837
11840
11841
11842
11844
11846
11847
11848
11850
11851
11854
11855
11856
11857
11858
11861
11862
11863
11864
11865
11866
11867
11868
11869
11872
11873
11874
11875
11876
11879
11882
11883
11884
11885
11886
11887
11890
11891
11893
11897
11898
11903
11904
11905
11906
11908
11913
11914
11915
11916
11919
11920
11921
11924
11925
11928
11929
11931
11932
11935
11936
11938
11940
11941
11944
11947
11948
11950
11952
11953
11954
11956
11957
11958
11959
11962
11967
11972
11974
11975
11976
11977
11980
11981
11982
11985
11986
11990
11992
11993
11994
11995
11998
11999
12001
12002
12003
12006
12007
12008
12009
12010
12011
12012
12015
12017
12019
12020
12021
12023
12025
12026
12027
12032
12036
12037
12038
12039
12041
12042
12047
12055
12056
12057
12058
12059
12063
12066
12067
12068
12071
12076
12077
12078
12079
12082
12083
12084
12085
12087
12088
12089
12092
12093
12095
12096
12097
12099
12102
12104
12105
12106
12107
12109
12114
12115
12116
12117
12118
12119
12121
12123
12124
12125
12126
12127
12128
12129
12130
12131
12132
12133
12139
12140
12144
12145
12147
12148
12149
12150
12151
12153
12154
12157
12158
12161
12162
12163
12164
12165
12167
12169
12174
12175
12178
12180
12181
12182
12183
12185
12186
12187
12190
12191
12192
12193
12195
12197
12198
12199
12200
12201
12202
12203
12204
12205
12206
12207
12209
12211
12215
12216
12217
12218
12219
12220
12223
12225
12226
12227
12228
12230
12232
12233
12235
12237
12238
12239
12243
12244
12245
12246
12247
12248
12249
12250
12251
12252
12253
12254
12255
12256
12257
12259
12261
12262
12264
12267
12270
12271
12272
12276
12283
12284
12285
12286
12287
12288
12289
12290
12291
12293
12294
12295
12296
12297
12298
12299
12300
12301
12303
12305
12306
12307
12309
12311
12312
12313
12314
12315
12318
12319
12320
12321
12322
12324
12325
12327
12328
12330
12332
12333
12334
12336
12338
12340
12341
12343
12344
12345
12347
12348
12349
12352
12353
12355
12358
12359
12360
12361
12365
12366
12367
12369
12371
12372
12377
12378
12380
12381
12382
12383
12387
12388
12389
12390
12392
12395
12396
12397
12398
12399
12400
12401
12402
12403
12406
12407
12408
12409
12412
12419
12421
12423
12427
12428
12429
12431
12432
12435
12436
12438
12439
12440
12441
12442
12443
12445
12447
12450
12452
12454
12455
12456
12457
12459
12460
12461
12462
12463
12465
12466
12467
12469
12470
12471
12473
12474
12476
12478
12479
12480
12481
12482
12483
12484
12489
12490
12491
12494
12497
12498
12499
12500
12501
12503
12505
12507
12508
12513
12514
12515
12516
12519
12521
12522
12524
12530
12532
12533
12534
12535
12536
12537
12538
12540
12541
12542
12543
12551
12552
12553
12555
12558
12559
12562
12564
12565
12566
12568
12569
12571
12572
12573
12574
12575
12576
12581
12582
12584
12585
12587
12588
12589
12591
12592
12593
12595
12596
12597
12598
12603
12604
12606
12610
12611
12612
12613
12614
12616
12617
12618
12619
12622
12623
12625
12626
12627
12628
12630
12632
12634
12636
12638
12639
12641
12644
12645
12647
12648
12649
12650
12652
12658
12659
12660
12661
12662
12663
12666
12667
12669
12670
12673
12674
12675
12677
12678
12679
12681
12683
12685
12686
12687
12688
12689
12691
12692
12694
12695
12697
12698
12699
12700
12702
12705
12706
12707
12708
12709
12714
12715
12717
12718
12722
12723
12725
12729
12730
12733
12734
12737
12738
12740
12742
12743
12745
12749
12750
12751
12753
12754
12757
12758
12759
12761
12763
12765
12766
12767
12769
12772
12773
12776
12782
12783
12785
12787
12789
12790
12791
12795
12796
12797
12798
12800
12801
12802
12803
12804
12805
12807
12811
12812
12813
12814
12815
12816
12817
12818
12819
12820
12823
12824
12826
12829
12830
12837
12838
12839
12840
12841
12842
12844
12845
12846
12849
12850
12854
12855
12856
12857
12859
12861
12862
12863
12864
12865
12866
12868
12871
12872
12876
12877
12878
12879
12880
12881
12882
12883
12887
12888
12889
12890
12891
12892
12893
12897
12898
12899
12900
12901
12902
12905
12909
12911
12914
12915
12919
12920
12921
12922
12923
12927
12929
12930
12931
12933
12934
12935
12936
12937
12939
12940
12944
12946
12949
12951
12953
12955
12956
12957
12961
12962
12963
12964
12965
12967
12968
12970
12973
12974
12975
12982
12992
12994
12995
12997
12998
13000
13001
13003
13005
13006
13007
13008
13009
13011
13012
13014
13015
13018
13019
13021
13023
13024
13025
13028
13029
13030
13035
13036
13037
13038
13039
13040
13043
13044
13045
13046
13049
13050
13052
13053
13055
13056
13057
13058
13059
13060
13061
13064
13066
13067
13068
13070
13071
13072
13073
13074
13075
13076
13077
13079
13081
13083
13084
13085
13086
13088
13089
13090
13092
13093
13097
13098
13101
13103
13104
13109
13110
13114
13115
13117
13118
13119
13120
13123
13124
13125
13126
13127
13129
13130
13131
13132
13136
13137
13139
13140
13141
13144
13145
13147
13148
13149
13151
13153
13156
13157
13159
13160
13161
13162
13166
13167
13170
13172
13173
13176
13177
13179
13180
13183
13184
13185
13187
13188
13193
13194
13195
13196
13199
13200
13203
13204
13205
13207
13210
13212
13213
13217
13218
13219
13221
13222
13223
13225
13227
13228
13230
13231
13232
13233
13234
13235
13236
13237
13239
13240
13242
13243
13245
13247
13249
13250
13252
13253
13254
13255
13256
13257
13258
13261
13263
13265
13267
13268
13269
13274
13275
13276
13279
13280
13284
13285
13286
13287
13288
13289
13291
13292
13294
13295
13296
13297
13300
13304
13307
13309
13314
13317
13319
13320
13325
13326
13327
13330
13331
13332
13333
13335
13336
13339
13341
13344
13345
13346
13349
13350
13351
13352
13354
13355
13358
13362
13365
13369
13370
13371
13372
13373
13375
13377
13379
13382
13383
13387
13390
13391
13392
13394
13396
13401
13404
13406
13407
13409
13411
13412
13413
13416
13418
13419
13420
13421
13424
13426
13430
13433
13435
13439
13441
13442
13443
13444
13445
13446
13447
13448
13449
13450
13452
13454
13458
13459
13460
13461
13462
13465
13468
13471
13472
13475
13476
13477
13479
13480
13481
13484
13485
13487
13488
13489
13491
13493
13496
13497
13501
13502
13503
13504
13505
13507
13508
13509
13512
13515
13516
13517
13519
13523
13524
13526
13530
13533
13534
13536
13537
13538
13539
13540
13545
13546
13547
13548
13551
13552
13553
13556
13557
13558
13561
13563
13569
13570
13573
13575
13576
13577
13578
13580
13581
13584
13585
13586
13589
13591
13595
13597
13600
13601
13603
13604
13606
13612
13613
13615
13616
13618
13621
13623
13625
13626
13627
13629
13632
13633
13635
13636
13639
13640
13642
13644
13649
13650
13654
13655
13660
13661
13663
13664
13665
13666
13668
13672
13673
13674
13676
13678
13680
13681
13682
13683
13684
13686
13687
13688
13694
13697
13699
13701
13702
13703
13704
13705
13706
13707
13708
13709
13711
13715
13717
13719
13720
13721
13722
13725
13729
13730
13731
13732
13733
13734
13736
13738
13741
13742
13743
13744
13745
13747
13748
13749
13752
13753
13754
13755
13758
13759
13762
13763
13765
13767
13770
13772
13774
13775
13777
13778
13779
13781
13782
13790
13791
13793
13795
13798
13799
13800
13804
13806
13807
13808
13810
13812
13813
13814
13815
13816
13820
13821
13823
13827
13828
13829
13830
13831
13832
13833
13835
13836
13837
13838
13840
13841
13842
13843
13846
13847
13852
13853
13855
13856
13862
13863
13864
13866
13868
13871
13872
13873
13874
13875
13876
13877
13879
13880
13881
13883
13886
13889
13890
13893
13896
13897
13898
13899
13900
13902
13905
13906
13907
13910
13911
13912
13914
13915
13917
13920
13921
13922
13923
13924
13927
13928
13929
13933
13937
13939
13940
13943
13944
13946
13948
13949
13950
13951
13952
13954
13955
13956
13958
13962
13963
13964
13965
13968
13970
13971
13974
13975
13976
13977
13978
13979
13980
13981
13983
13984
13985
13986
13987
13988
13989
13991
13994
13995
13997
13999
14000
14001
14005
14006
14009
14010
14011
14012
14013
14014
14015
14016
14018
14019
14020
14022
14024
14025
14026
14027
14028
14029
14032
14033
14036
14038
14039
14043
14044
14047
14050
14051
14055
14056
14058
14059
14060
14061
14062
14063
14068
14069
14070
14071
14072
14073
14075
14076
14077
14078
14079
14080
14081
14082
14085
14086
14089
14091
14092
14093
14094
14095
14096
14097
14099
14100
14101
14102
14103
14104
14107
14111
14114
14115
14116
14117
14118
14119
14122
14124
14126
14127
14129
14131
14132
14135
14136
14137
14138
14141
14143
14144
14146
14148
14150
14151
14153
14155
14156
14157
14162
14165
14166
14168
14170
14171
14173
14175
14176
14178
14179
14180
14183
14184
14186
14187
14188
14189
14191
14192
14193
14194
14197
14198
14202
14206
14208
14209
14210
14212
14213
14214
14215
14216
14217
14218
14219
14220
14222
14223
14225
14226
14229
14230
14231
14232
14234
14235
14238
14240
14242
14243
14244
14246
14249
14252
14254
14256
14258
14259
14260
14261
14263
14270
14271
14273
14274
14275
14277
14279
14281
14282
14283
14285
14287
14288
14289
14290
14297
14299
14300
14304
14305
14308
14309
14311
14314
14315
14316
14317
14319
14321
14323
14325
14327
14331
14333
14336
14338
14339
14340
14342
14343
14347
14348
14349
14350
14351
14352
14353
14354
14355
14356
14358
14361
14362
14364
14365
14366
14368
14369
14371
14372
14374
14377
14381
14382
14384
14388
14389
14390
14391
14392
14393
14394
14395
14396
14397
14400
14401
14404
14405
14406
14408
14412
14413
14414
14416
14417
14418
14419
14420
14421
14422
14424
14425
14427
14428
14431
14432
14434
14438
14440
14442
14443
14445
14447
14449
14451
14454
14455
14456
14457
14458
14459
14464
14465
14467
14470
14472
14478
14481
14482
14483
14484
14486
14487
14488
14490
14491
14492
14496
14497
14499
14503
14504
14505
14506
14509
14510
14513
14514
14515
14517
14519
14520
14521
14522
14526
14529
14530
14533
14534
14537
14538
14539
14540
14541
14543
14546
14547
14548
14549
14550
14551
14553
14556
14557
14559
14560
14561
14562
14563
14564
14566
14567
14568
14571
14572
14573
14574
14579
14581
14586
14587
14588
14589
14590
14591
14592
14593
14594
14595
14598
14600
14605
14608
14609
14611
14612
14613
14614
14616
14617
14619
14620
14621
14622
14623
14625
14626
14627
14628
14629
14630
14631
14632
14634
14635
14636
14637
14638
14639
14642
14643
14644
14646
14649
14653
14655
14656
14658
14660
14663
14665
14668
14669
14670
14671
14673
14674
14679
14680
14682
14684
14686
14688
14692
14693
14694
14696
14697
14699
14707
14708
14710
14711
14712
14715
14717
14718
14719
14720
14722
14723
14724
14725
14726
14727
14730
14735
14736
14740
14741
14744
14745
14746
14747
14748
14749
14750
14751
14753
14754
14755
14756
14758
14761
14764
14765
14766
14769
14771
14772
14773
14774
14775
14776
14779
14780
14781
14783
14784
14785
14786
14787
14791
14792
14793
14795
14796
14797
14798
14800
14801
14802
14804
14806
14807
14809
14810
14812
14817
14819
14823
14824
14825
14826
14829
14832
14833
14834
14835
14837
14838
14839
14842
14844
14846
14851
14853
14854
14855
14856
14857
14859
14861
14864
14865
14866
14869
14870
14874
14875
14876
14877
14880
14881
14882
14883
14884
14885
14886
14890
14891
14895
14897
14898
14899
14900
14901
14904
14905
14906
14910
14911
14913
14919
14920
14927
14928
14929
14931
14936
14937
14938
14939
14940
14943
14948
14950
14951
14953
14954
14955
14956
14960
14967
14969
14971
14972
14974
14975
14976
14978
14979
14980
14984
14985
14986
14987
14988
14990
14991
14992
14994
14995
14996
14997
15000
15002
15004
15005
15006
15007
15009
15011
15012
15013
15014
15015
15016
15017
15018
15019
15021
15023
15025
15028
15029
15030
15031
15033
15035
15039
15040
15042
15044
15045
15047
15048
15049
15050
15051
15053
15054
15055
15057
15059
15060
15061
15063
15067
15070
15071
15074
15077
15079
15080
15081
15083
15084
15085
15087
15088
15090
15092
15095
15096
15097
15098
15099
15100
15101
15102
15104
15105
15110
15112
15113
15115
15116
15120
15121
15122
15123
15124
15125
15126
15127
15128
15129
15131
15132
15133
15134
15135
15136
15137
15139
15140
15143
15144
15147
15148
15149
15152
15153
15159
15160
15165
15169
15170
15172
15173
15177
15178
15179
15180
15181
15182
15183
15187
15188
15191
15192
15195
15196
15197
15198
15199
15202
15203
15205
15210
15214
15216
15218
15220
15222
15224
15226
15227
15229
15230
15231
15232
15237
15239
15240
15241
15243
15244
15246
15247
15248
15249
15251
15253
15254
15256
15258
15260
15264
15266
15267
15269
15270
15272
15273
15277
15280
15282
15286
15287
15288
15296
15297
15298
15299
15301
15303
15304
15305
15306
15309
15312
15314
15316
15317
15318
15320
15322
15324
15325
15327
15329
15330
15331
15332
15333
15334
15337
15340
15342
15343
15344
15347
15348
15352
15353
15354
15356
15359
15362
15365
15366
15367
15368
15372
15373
15374
15375
15376
15377
15378
15379
15380
15381
15382
15383
15384
15388
15392
15394
15395
15397
15400
15401
15404
15405
15407
15408
15410
15412
15413
15414
15415
15416
15418
15421
15423
15427
15428
15433
15434
15436
15437
15438
15439
15441
15444
15446
15447
15448
15449
15450
15451
15454
15458
15460
15462
15463
15465
15466
15467
15470
15474
15475
15476
15477
15479
15480
15481
15482
15483
15484
15489
15493
15494
15495
15500
15501
15503
15504
15507
15508
15511
15512
15513
15515
15517
15520
15521
15524
15527
15528
15531
15533
15535
15536
15537
15538
15539
15540
15541
15545
15546
15551
15552
15553
15554
15555
15556
15558
15559
15560
15563
15565
15566
15567
15568
15570
15572
15573
15575
15576
15577
15578
15580
15581
15584
15585
15586
15587
15589
15590
15591
15592
15594
15595
15596
15597
15600
15604
15605
15608
15609
15611
15613
15614
15617
15620
15621
15624
15628
15630
15633
15634
15635
15636
15638
15640
15641
15642
15643
15646
15648
15650
15651
15652
15653
15654
15656
15658
15659
15660
15661
15662
15664
15665
15666
15669
15670
15672
15673
15674
15675
15676
15678
15679
15681
15682
15683
15684
15685
15686
15687
15691
15692
15694
15696
15697
15698
15699
15700
15701
15703
15707
15710
15711
15713
15717
15719
15720
15721
15722
15723
15724
15725
15727
15730
15732
15734
15739
15740
15745
15746
15747
15748
15749
15751
15752
15755
15758
15760
15764
15765
15771
15772
15773
15774
15776
15777
15778
15782
15783
15784
15785
15786
15787
15790
15791
15794
15797
15800
15802
15803
15807
15809
15811
15812
15813
15815
15816
15819
15823
15828
15829
15831
15832
15834
15835
15836
15837
15838
15839
15842
15850
15851
15855
15856
15857
15859
15860
15861
15866
15867
15869
15870
15872
15874
15875
15876
15878
15880
15882
15883
15886
15887
15890
15893
15894
15898
15899
15901
15902
15906
15907
15908
15912
15913
15915
15916
15919
15920
15923
15925
15927
15930
15931
15932
15935
15938
15939
15941
15943
15944
15947
15949
15952
15953
15954
15955
15956
15957
15958
15959
15960
15961
15962
15964
15965
15967
15972
15973
15974
15976
15977
15978
15979
15981
15983
15984
15985
15988
15989
15990
15995
15996
15997
15998
15999
16000
16002
16003
16006
16008
16009
16010
16012
16013
16014
16015
16018
16020
16021
16022
16023
16024
16025
16026
16027
16028
16031
16034
16035
16036
16040
16044
16045
16046
16047
16048
16049
16050
16051
16052
16054
16055
16056
16059
16060
16063
16064
16065
16066
16069
16070
16071
16073
16075
16076
16077
16078
16085
16088
16090
16091
16092
16093
16094
16096
16098
16099
16103
16104
16106
16107
16108
16109
16111
16114
16115
16117
16118
16120
16121
16122
16123
16124
16126
16127
16129
16131
16132
16133
16136
16139
16140
16141
16142
16143
16144
16145
16148
16149
16151
16152
16153
16154
16155
16156
16157
16159
16162
16163
16165
16166
16170
16172
16173
16178
16180
16181
16187
16189
16191
16192
16194
16195
16196
16198
16201
16202
16206
16210
16212
16219
16221
16222
16223
16226
16229
16231
16232
16236
16237
16238
16241
16244
16245
16246
16250
16251
16253
16254
16255
16256
16257
16260
16262
16264
16266
16269
16273
16275
16278
16280
16283
16286
16288
16290
16295
16297
16299
16306
16308
16309
16310
16311
16312
16313
16314
16316
16317
16318
16319
16320
16321
16324
16326
16329
16331
16332
16336
16337
16338
16339
16340
16342
16347
16348
16349
16350
16353
16357
16358
16359
16360
16361
16362
16363
16365
16366
16367
16369
16371
16372
16375
16377
16378
16380
16382
16383
16385
16386
16387
16388
16389
16391
16392
16393
16394
16395
16396
16401
16402
16405
16408
16409
16410
16411
16413
16418
16420
16421
16422
16424
16425
16426
16427
16429
16431
16433
16434
16440
16441
16444
16445
16447
16448
16450
16451
16454
16456
16458
16460
16461
16463
16464
16466
16467
16473
16474
16475
16477
16479
16481
16482
16483
16486
16489
16491
16493
16496
16497
16498
16500
16501
16504
16505
16506
16507
16508
16509
16512
16513
16514
16517
16518
16520
16522
16523
16525
16528
16529
16530
16531
16533
16534
16535
16536
16539
16541
16542
16543
16544
16548
16549
16553
16554
16556
16558
16559
16564
16566
16567
16568
16570
16572
16574
16576
16578
16579
16581
16584
16585
16591
16593
16597
16599
16602
16603
16604
16605
16606
16609
16611
16612
16613
16614
16617
16618
16620
16621
16622
16623
16624
16626
16627
16631
16632
16633
16635
16637
16638
16644
16645
16646
16647
16649
16650
16651
16653
16654
16655
16657
16661
16662
16663
16664
16665
16666
16671
16673
16674
16675
16677
16678
16679
16682
16684
16686
16688
16692
16695
16697
16698
16699
16700
16704
16705
16707
16709
16710
16711
16713
16715
16716
16719
16721
16722
16724
16726
16727
16730
16731
16734
16737
16738
16740
16741
16742
16743
16745
16746
16747
16748
16753
16755
16756
16757
16760
16761
16762
16764
16766
16772
16773
16775
16778
16780
16784
16788
16790
16791
16795
16797
16798
16801
16802
16803
16804
16805
16807
16808
16809
16810
16813
16815
16816
16818
16820
16822
16823
16825
16826
16832
16835
16839
16840
16843
16844
16846
16847
16852
16853
16857
16858
16859
16860
16861
16862
16864
16866
16867
16868
16869
16870
16871
16874
16876
16878
16879
16880
16882
16883
16885
16890
16892
16895
16896
16897
16898
16901
16902
16903
16906
16908
16910
16917
16918
16919
16920
16922
16924
16925
16926
16927
16931
16935
16937
16942
16943
16944
16945
16946
16947
16950
16953
16954
16956
16957
16961
16962
16963
16964
16966
16967
16970
16971
16972
16975
16977
16982
16984
16986
16987
16988
16990
16991
16992
16994
16996
16997
16998
16999
17000
17003
17004
17005
17007
17008
17009
17010
17011
17013
17014
17015
17017
17019
17021
17022
17030
17031
17034
17035
17038
17039
17041
17043
17047
17048
17049
17053
17054
17057
17058
17059
17061
17062
17064
17066
17067
17068
17071
17073
17074
17076
17080
17083
17084
17085
17087
17088
17089
17090
17091
17094
17095
17097
17099
17100
17102
17103
17104
17105
17108
17110
17113
17114
17115
17116
17119
17120
17122
17124
17125
17126
17129
17130
17131
17134
17135
17138
17142
17144
17146
17148
17153
17154
17155
17159
17162
17163
17164
17165
17166
17170
17171
17173
17174
17176
17177
17178
17179
17180
17183
17186
17188
17189
17190
17192
17193
17197
17200
17201
17202
17204
17205
17207
17208
17209
17210
17211
17213
17217
17220
17221
17222
17226
17229
17230
17231
17233
17234
17235
17236
17238
17240
17241
17242
17243
17244
17246
17249
17251
17252
17253
17255
17256
17258
17259
17261
17262
17263
17264
17265
17266
17267
17268
17269
17270
17271
17272
17273
17274
17275
17276
17277
17278
17279
17280
17281
17282
17285
17287
17289
17290
17291
17293
17294
17296
17298
17299
17300
17302
17303
17304
17305
17307
17308
17310
17314
17316
17317
17319
17321
17329
17330
17335
17336
17337
17338
17340
17341
17342
17343
17345
17346
17347
17350
17351
17352
17353
17354
17357
17364
17365
17367
17370
17371
17372
17373
17374
17378
17379
17380
17381
17382
17383
17384
17385
17387
17388
17391
17395
17396
17399
17401
17402
17404
17405
17406
17407
17411
17412
17413
17416
17417
17419
17421
17422
17424
17425
17426
17428
17431
17432
17435
17436
17437
17438
17439
17441
17443
17444
17445
17448
17453
17454
17455
17460
17470
17475
17476
17477
17479
17480
17482
17483
17486
17488
17489
17492
17493
17497
17498
17502
17503
17505
17507
17509
17510
17511
17513
17514
17515
17521
17522
17524
17526
17527
17528
17529
17531
17536
17541
17542
17543
17545
17546
17547
17548
17549
17554
17558
17560
17561
17565
17567
17569
17571
17572
17573
17574
17579
17580
17584
17585
17586
17587
17590
17591
17592
17595
17597
17598
17599
17602
17603
17605
17609
17610
17611
17612
17613
17616
17617
17620
17622
17625
17626
17627
17631
17633
17634
17636
17638
17640
17641
17642
17644
17646
17647
17650
17653
17656
17658
17660
17662
17663
17664
17665
17666
17668
17669
17670
17671
17674
17675
17676
17678
17679
17680
17683
17684
17686
17688
17690
17692
17695
17697
17698
17701
17703
17705
17706
17707
17711
17712
17717
17718
17722
17724
17726
17727
17728
17729
17731
17732
17736
17737
17738
17742
17743
17744
17745
17748
17749
17750
17753
17754
17755
17756
17757
17759
17764
17766
17767
17769
17773
17774
17776
17777
17778
17779
17780
17782
17783
17784
17785
17786
17792
17793
17797
17800
17802
17805
17807
17810
17811
17813
17815
17817
17819
17820
17822
17823
17824
17827
17828
17831
17833
17838
17839
17841
17842
17844
17845
17846
17847
17849
17851
17852
17854
17857
17862
17864
17866
17869
17870
17871
17872
17880
17883
17885
17887
17888
17889
17893
17894
17895
17896
17898
17899
17900
17901
17903
17904
17906
17907
17908
17909
17911
17912
17915
17917
17919
17920
17922
17929
17930
17931
17934
17936
17937
17938
17939
17940
17942
17943
17944
17945
17947
17948
17950
17952
17954
17957
17958
17959
17960
17961
17963
17964
17965
17966
17968
17969
17970
17971
17973
17975
17977
17978
17980
17981
17982
17983
17984
17985
17987
17988
17993
17995
17997
17999
18003
18005
18006
18009
18011
18015
18016
18017
18020
18022
18024
18027
18028
18029
18030
18034
18035
18036
18039
18044
18046
18048
18051
18052
18055
18058
18059
18060
18062
18063
18064
18067
18068
18070
18071
18077
18078
18080
18084
18085
18086
18087
18089
18093
18096
18099
18100
18102
18104
18105
18106
18107
18108
18110
18111
18112
18113
18114
18115
18118
18119
18121
18123
18128
18130
18132
18134
18135
18136
18140
18141
18142
18145
18146
18147
18150
18154
18158
18159
18161
18163
18164
18165
18166
18167
18168
18170
18173
18176
18178
18179
18182
18184
18186
18188
18189
18190
18191
18194
18195
18196
18197
18198
18199
18200
18202
18203
18204
18205
18207
18208
18210
18212
18213
18214
18216
18217
18218
18220
18221
18228
18230
18233
18234
18235
18236
18239
18242
18243
18244
18246
18249
18251
18253
18258
18259
18260
18262
18264
18267
18268
18270
18275
18276
18277
18283
18284
18289
18290
18293
18294
18302
18304
18306
18307
18308
18309
18311
18313
18314
18316
18318
18319
18320
18321
18324
18325
18326
18327
18331
18332
18333
18336
18337
18338
18341
18344
18348
18349
18350
18351
18357
18359
18361
18363
18365
18366
18368
18369
18371
18372
18374
18375
18376
18377
18379
18380
18381
18383
18386
18387
18388
18390
18391
18392
18395
18398
18402
18403
18404
18410
18411
18412
18416
18417
18418
18420
18422
18423
18424
18425
18427
18431
18432
18434
18435
18439
18441
18442
18444
18445
18446
18450
18451
18453
18457
18460
18461
18463
18466
18467
18470
18473
18475
18477
18478
18480
18482
18485
18488
18489
18490
18499
18501
18502
18507
18510
18513
18518
18519
18520
18524
18525
18526
18527
18528
18530
18531
18532
18534
18535
18536
18537
18540
18541
18542
18545
18546
18547
18548
18551
18554
18556
18557
18558
18560
18561
18562
18567
18569
18570
18573
18575
18577
18578
18580
18581
18582
18585
18586
18587
18588
18595
18596
18600
18603
18604
18605
18606
18608
18610
18613
18617
18618
18619
18622
18626
18627
18631
18632
18635
18636
18639
18640
18641
18642
18643
18644
18645
18646
18648
18651
18652
18654
18655
18661
18665
18666
18667
18669
18671
18673
18675
18678
18679
18680
18684
18685
18688
18689
18690
18691
18692
18696
18697
18699
18702
18704
18705
18707
18708
18709
18714
18715
18717
18721
18722
18723
18725
18727
18728
18729
18730
18731
18732
18733
18734
18735
18736
18738
18739
18741
18742
18743
18744
18745
18746
18747
18749
18751
18753
18754
18755
18756
18758
18759
18764
18767
18772
18779
18780
18785
18788
18789
18791
18792
18797
18799
18800
18801
18803
18806
18809
18810
18811
18812
18814
18815
18816
18817
18818
18819
18820
18821
18823
18824
18825
18826
18829
18830
18832
18835
18838
18840
18841
18842
18844
18845
18846
18847
18848
18850
18853
18855
18857
18858
18860
18863
18866
18868
18869
18870
18871
18872
18873
18876
18878
18879
18881
18882
18883
18884
18885
18886
18887
18888
18890
18891
18892
18893
18894
18895
18896
18901
18902
18903
18904
18905
18907
18908
18911
18912
18915
18920
18922
18923
18924
18925
18926
18928
18931
18932
18934
18935
18937
18939
18940
18942
18944
18945
18946
18948
18949
18952
18953
18955
18956
18957
18959
18960
18962
18964
18967
18968
18970
18971
18972
18973
18975
18976
18977
18978
18980
18984
18985
18986
18987
18988
18990
18993
18995
18996
19000
19004
19008
19011
19013
19017
19021
19024
19025
19027
19028
19033
19034
19035
19037
19038
19040
19042
19044
19049
19051
19052
19053
19054
19055
19057
19058
19062
19066
19068
19070
19073
19078
19079
19080
19081
19084
19085
19087
19088
19089
19091
19092
19093
19094
19096
19097
19098
19102
19103
19104
19105
19106
19110
19111
19112
19114
19118
19119
19121
19122
19123
19124
19125
19132
19133
19135
19137
19140
19141
19143
19145
19146
19147
19148
19152
19153
19157
19159
19160
19164
19170
19171
19173
19175
19176
19177
19179
19180
19182
19184
19186
19187
19188
19190
19192
19194
19197
19198
19199
19200
19202
19205
19207
19211
19213
19215
19217
19219
19221
19222
19223
19224
19225
19226
19227
19230
19231
19232
19233
19235
19236
19240
19241
19243
19244
19245
19246
19248
19249
19250
19251
19253
19256
19257
19259
19260
19261
19262
19263
19264
19265
19266
19267
19268
19273
19274
19275
19279
19282
19283
19284
19285
19286
19287
19288
19289
19290
19292
19294
19295
19297
19298
19304
19306
19313
19316
19317
19318
19322
19324
19325
19326
19327
19328
19331
19332
19333
19334
19338
19339
19344
19345
19346
19347
19349
19352
19354
19355
19356
19357
19360
19361
19364
19365
19366
19368
19369
19370
19373
19374
19375
19376
19381
19383
19385
19386
19387
19389
19390
19395
19398
19399
19401
19403
19404
19405
19406
19407
19411
19416
19417
19418
19419
19420
19425
19426
19427
19429
19430
19431
19436
19437
19438
19439
19442
19444
19447
19448
19452
19454
19457
19458
19459
19460
19461
19464
19466
19467
19468
19469
19470
19473
19474
19475
19479
19480
19486
19489
19490
19491
19493
19494
19497
19500
19501
19502
19503
19505
19507
19509
19511
19515
19516
19518
19523
19527
19529
19530
19531
19532
19533
19537
19538
19543
19546
19547
19549
19551
19552
19553
19555
19557
19558
19559
19560
19561
19564
19566
19569
19570
19574
19576
19577
19578
19579
19581
19582
19583
19587
19588
19591
19592
19593
19597
19598
19599
19600
19602
19604
19606
19607
19608
19610
19614
19617
19620
19622
19625
19626
19627
19628
19629
19630
19635
19636
19637
19639
19641
19644
19647
19651
19652
19653
19654
19655
19656
19658
19659
19660
19662
19663
19664
19665
19666
19667
19668
19670
19673
19676
19677
19679
19681
19682
19684
19685
19686
19688
19689
19692
19693
19698
19700
19701
19706
19707
19708
19709
19710
19717
19719
19723
19724
19726
19728
19729
19730
19732
19733
19734
19735
19737
19739
19740
19742
19744
19746
19747
19748
19750
19752
19753
19755
19756
19758
19759
19760
19762
19770
19771
19773
19774
19776
19777
19778
19780
19781
19782
19783
19785
19786
19787
19790
19792
19793
19794
19795
19796
19797
19798
19799
19800
19803
19805
19807
19813
19816
19822
19826
19827
19829
19833
19834
19838
19839
19842
19844
19847
19848
19849
19851
19860
19861
19864
19865
19869
19870
19872
19875
19877
19879
19881
19882
19883
19886
19888
19890
19891
19892
19893
19895
19896
19898
19902
19903
19904
19905
19906
19908
19911
19913
19918
19919
19920
19922
19925
19927
19928
19929
19931
19932
19934
19936
19937
19940
19943
19944
19945
19947
19948
19949
19951
19952
19953
19954
19955
19960
19963
19964
19966
19967
19972
19976
19978
19980
19981
19982
19983
19984
19985
19988
19989
19992
19996
20000
20001
20002
20006
20007
20008
20013
20014
20020
20021
20022
20023
20025
20026
20027
20031
20032
20033
20040
20043
20044
20047
20049
20050
20051
20052
20053
20054
20057
20059
20060
20068
20069
20079
20080
20081
20083
20085
20086
20088
20089
20092
20093
20096
20097
20098
20100
20101
20102
20104
20105
20110
20111
20115
20116
20118
20120
20121
20123
20125
20126
20127
20128
20130
20131
20132
20135
20138
20143
20144
20145
20147
20149
20150
20151
20152
20153
20155
20158
20159
20160
20161
20162
20165
20166
20167
20171
20174
20178
20180
20181
20182
20183
20189
20190
20192
20194
20195
20196
20197
20199
20203
20204
20205
20209
20212
20213
20214
20216
20218
20219
20225
20226
20227
20229
20231
20232
20234
20238
20239
20240
20241
20242
20243
20244
20247
20249
20250
20251
20253
20255
20259
20263
20266
20267
20269
20270
20271
20273
20275
20277
20279
20287
20289
20290
20293
20294
20296
20298
20299
20300
20302
20307
20310
20313
20314
20315
20316
20317
20323
20326
20327
20330
20333
20338
20340
20341
20342
20344
20345
20346
20348
20349
20350
20351
20356
20357
20358
20360
20361
20362
20364
20368
20370
20371
20373
20374
20376
20378
20379
20382
20384
20386
20387
20388
20389
20396
20397
20398
20399
20401
20403
20404
20408
20409
20410
20414
20415
20420
20423
20426
20428
20429
20430
20431
20432
20433
20434
20436
20437
20440
20444
20451
20452
20453
20459
20460
20461
20462
20463
20464
20465
20466
20468
20471
20473
20474
20478
20480
20484
20485
20486
20487
20488
20489
20490
20495
20497
20498
20500
20501
20502
20503
20505
20506
20508
20511
20512
20515
20516
20520
20523
20524
20525
20527
20528
20533
20534
20535
20540
20541
20542
20543
20544
20545
20547
20550
20552
20554
20555
20558
20560
20561
20565
20566
20567
20568
20569
20572
20573
20574
20575
20577
20578
20581
20583
20584
20587
20589
20590
20591
20592
20594
20596
20598
20599
20602
20604
20605
20607
20609
20610
20614
20615
20617
20618
20626
20627
20628
20630
20631
20634
20635
20636
20637
20640
20645
20646
20648
20649
20651
20655
20656
20657
20659
20660
20663
20665
20666
20667
20669
20671
20673
20674
20675
20676
20679
20681
20682
20685
20687
20689
20691
20693
20695
20702
20704
20705
20706
20707
20708
20710
20711
20712
20714
20715
20716
20717
20718
20722
20724
20726
20727
20728
20730
20731
20733
20735
20739
20740
20745
20746
20748
20749
20754
20755
20758
20760
20761
20762
20763
20764
20768
20772
20775
20776
20777
20780
20783
20786
20789
20791
20792
20794
20795
20807
20808
20812
20813
20814
20816
20819
20822
20826
20828
20834
20835
20836
20841
20843
20846
20848
20849
20850
20851
20853
20856
20857
20862
20863
20864
20865
20866
20867
20869
20870
20871
20872
20873
20879
20880
20881
20884
20887
20889
20892
20893
20895
20898
20900
20903
20904
20905
20907
20908
20909
20910
20911
20919
20920
20926
20927
20929
20930
20933
20934
20936
20937
20939
20941
20944
20946
20947
20948
20954
20955
20957
20958
20959
20960
20961
20963
20964
20966
20967
20969
20971
20972
20973
20974
20975
20976
20977
20978
20980
20982
20984
20987
20988
20989
20991
20992
20993
20994
20996
20997
20999
21000
21001
21002
21003
21005
21007
21008
21009
21010
21011
21014
21015
21016
21019
21020
21021
21024
21026
21027
21028
21029
21031
21032
21033
21040
21041
21043
21044
21046
21047
21048
21049
21056
21057
21062
21063
21065
21066
21067
21073
21074
21078
21079
21080
21081
21082
21083
21086
21087
21089
21091
21093
21095
21097
21104
21105
21106
21107
21109
21110
21112
21113
21114
21116
21117
21118
21120
21123
21124
21125
21128
21132
21133
21134
21135
21138
21139
21140
21141
21143
21145
21146
21147
21151
21152
21153
21154
21156
21157
21159
21160
21162
21164
21165
21166
21169
21171
21177
21178
21179
21180
21182
21183
21188
21189
21190
21191
21192
21194
21195
21198
21200
21201
21202
21203
21204
21210
21211
21212
21213
21214
21215
21217
21221
21222
21224
21227
21228
21229
21232
21233
21234
21237
21240
21241
21242
21243
21246
21248
21252
21254
21255
21256
21257
21263
21264
21265
21272
21273
21274
21275
21276
21278
21279
21282
21283
21284
21285
21287
21288
21289
21291
21292
21293
21294
21297
21298
21303
21306
21307
21309
21310
21312
21313
21315
21316
21317
21322
21324
21330
21331
21332
21335
21336
21337
21343
21347
21348
21352
21354
21356
21361
21364
21365
21366
21367
21368
21370
21371
21372
21373
21374
21375
21376
21378
21379
21381
21382
21383
21385
21386
21387
21388
21393
21396
21397
21399
21401
21402
21404
21405
21410
21412
21413
21418
21419
21423
21425
21427
21428
21430
21433
21436
21439
21441
21443
21445
21446
21448
21450
21451
21453
21454
21457
21458
21459
21460
21463
21464
21465
21468
21472
21474
21475
21477
21478
21480
21482
21483
21485
21488
21490
21491
21492
21493
21494
21495
21499
21503
21504
21506
21508
21509
21510
21511
21513
21514
21515
21517
21518
21520
21521
21523
21524
21525
21526
21527
21528
21529
21531
21533
21535
21536
21537
21538
21540
21541
21542
21543
21545
21546
21548
21549
21551
21552
21555
21556
21563
21564
21565
21568
21570
21571
21574
21575
21579
21585
21589
21590
21595
21596
21600
21605
21608
21609
21610
21613
21614
21615
21616
21617
21619
21620
21621
21622
21623
21625
21626
21628
21631
21634
21642
21643
21645
21646
21649
21650
21652
21653
21654
21656
21657
21658
21661
21662
21665
21666
21667
21670
21671
21674
21675
21677
21679
21680
21682
21684
21687
21688
21690
21692
21695
21696
21697
21699
21701
21702
21704
21705
21706
21713
21716
21720
21722
21726
21727
21731
21734
21740
21741
21742
21743
21744
21745
21746
21747
21748
21751
21752
21753
21758
21762
21763
21764
21767
21770
21774
21775
21777
21778
21780
21782
21783
21784
21786
21787
21788
21789
21790
21791
21795
21796
21797
21799
21801
21803
21805
21807
21808
21809
21810
21811
21813
21815
21817
21820
21822
21823
21824
21829
21830
21831
21832
21833
21834
21835
21836
21839
21841
21842
21846
21847
21849
21850
21853
21855
21858
21859
21861
21862
21863
21864
21869
21875
21876
21877
21879
21880
21881
21882
21883
21887
21888
21889
21892
21893
21894
21896
21897
21898
21899
21901
21903
21904
21905
21906
21907
21908
21915
21917
21919
21920
21922
21923
21927
21928
21931
21932
21933
21935
21939
21942
21944
21948
21953
21955
21956
21957
21959
21962
21963
21965
21966
21967
21970
21971
21972
21973
21974
21975
21976
21977
21987
21988
21991
21992
21993
21994
21995
21999
22001
22004
22006
22008
22010
22012
22013
22015
22016
22021
22022
22024
22027
22028
22030
22032
22034
22039
22041
22042
22043
22044
22045
22051
22052
22053
22054
22057
22058
22066
22067
22068
22070
22071
22072
22073
22074
22075
22077
22084
22085
22086
22087
22088
22090
22095
22098
22099
22100
22104
22107
22109
22112
22115
22116
22119
22121
22122
22123
22126
22128
22130
22131
22132
22133
22134
22137
22139
22140
22141
22143
22145
22146
22148
22149
22151
22156
22157
22160
22161
22165
22167
22170
22173
22176
22177
22183
22185
22187
22188
22192
22194
22196
22200
22202
22203
22208
22209
22210
22211
22214
22215
22216
22218
22219
22220
22224
22226
22228
22229
22230
22233
22234
22236
22240
22243
22245
22247
22249
22252
22255
22257
22259
22264
22266
22270
22271
22272
22275
22278
22279
22280
22281
22282
22284
22285
22286
22287
22288
22291
22292
22293
22294
22307
22312
22315
22319
22320
22323
22326
22327
22330
22333
22334
22335
22337
22338
22341
22344
22345
22347
22349
22350
22352
22353
22356
22357
22359
22361
22362
22365
22367
22369
22370
22373
22374
22377
22378
22379
22380
22384
22387
22388
22390
22392
22397
22402
22405
22406
22407
22410
22411
22413
22415
22416
22421
22422
22424
22428
22430
22433
22435
22436
22441
22442
22443
22444
22446
22447
22449
22451
22452
22453
22454
22457
22460
22461
22463
22464
22465
22466
22468
22470
22471
22473
22474
22476
22479
22482
22483
22485
22486
22487
22488
22489
22494
22495
22496
22497
22498
22499
22502
22506
22507
22510
22511
22512
22513
22514
22517
22518
22519
22521
22524
22526
22527
22528
22531
22534
22536
22538
22541
22542
22544
22546
22548
22551
22552
22554
22555
22557
22560
22561
22562
22563
22566
22568
22571
22576
22577
22578
22579
22580
22584
22586
22587
22588
22594
22597
22599
22601
22603
22604
22607
22609
22612
22613
22617
22618
22619
22625
22632
22633
22634
22635
22637
22638
22639
22640
22641
22642
22646
22648
22649
22650
22651
22653
22656
22657
22658
22663
22666
22667
22669
22672
22673
22674
22676
22679
22687
22689
22690
22692
22694
22695
22697
22698
22699
22701
22703
22705
22708
22709
22710
22712
22714
22715
22720
22721
22724
22725
22726
22727
22729
22734
22735
22736
22738
22740
22741
22742
22743
22744
22747
22748
22749
22750
22751
22755
22756
22759
22760
22762
22763
22765
22768
22769
22770
22772
22774
22777
22778
22780
22782
22784
22785
22792
22793
22796
22797
22798
22800
22802
22804
22805
22807
22808
22809
22810
22811
22812
22813
22814
22816
22817
22818
22819
22820
22823
22826
22827
22829
22830
22834
22835
22836
22837
22844
22847
22848
22851
22852
22855
22857
22861
22862
22863
22867
22868
22869
22870
22872
22876
22881
22884
22885
22886
22887
22890
22892
22893
22899
22900
22903
22906
22907
22909
22910
22912
22913
22916
22921
22922
22923
22925
22928
22930
22932
22933
22934
22939
22940
22941
22943
22945
22947
22950
22952
22955
22956
22959
22960
22961
22963
22964
22966
22970
22972
22973
22974
22975
22976
22977
22978
22980
22984
22985
22987
22990
22991
22992
22994
22995
22998
22999
23000
23001
23004
23005
23006
23008
23010
23012
23013
23014
23015
23016
23020
23021
23024
23025
23027
23029
23030
23031
23032
23040
23051
23052
23054
23055
23056
23057
23059
23060
23061
23062
23063
23067
23068
23070
23071
23073
23074
23075
23076
23080
23083
23085
23087
23092
23094
23097
23098
23099
23100
23101
23107
23110
23112
23113
23114
23116
23119
23121
23122
23127
23128
23130
23133
23134
23137
23139
23140
23141
23142
23145
23146
23148
23149
23153
23155
23157
23160
23162
23164
23165
23166
23169
23170
23171
23172
23173
23174
23175
23186
23190
23191
23193
23197
23198
23203
23204
23205
23206
23208
23209
23210
23212
23213
23216
23219
23220
23222
23224
23225
23232
23233
23235
23238
23242
23244
23247
23248
23249
23252
23253
23255
23260
23262
23264
23265
23267
23268
23269
23270
23271
23272
23274
23275
23276
23277
23278
23280
23286
23288
23292
23293
23300
23302
23303
23305
23308
23309
23312
23313
23315
23317
23322
23324
23325
23326
23327
23331
23332
23333
23334
23336
23338
23339
23345
23348
23349
23351
23353
23354
23356
23357
23359
23360
23361
23362
23364
23367
23368
23369
23370
23371
23372
23374
23375
23376
23379
23380
23381
23382
23383
23385
23388
23389
23391
23395
23396
23397
23400
23404
23408
23409
23410
23412
23413
23418
23419
23420
23421
23423
23425
23429
23434
23435
23436
23441
23447
23449
23451
23455
23456
23457
23458
23459
23460
23461
23462
23463
23464
23465
23466
23467
23468
23469
23470
23473
23476
23477
23481
23488
23491
23493
23495
23497
23498
23499
23503
23506
23508
23511
23512
23515
23517
23518
23519
23521
23522
23525
23526
23527
23528
23531
23532
23534
23535
23537
23538
23539
23545
23548
23549
23550
23554
23558
23559
23560
23563
23564
23567
23568
23569
23570
23572
23575
23576
23577
23579
23582
23586
23588
23589
23592
23596
23597
23598
23600
23602
23603
23606
23607
23612
23613
23620
23621
23622
23623
23625
23627
23628
23630
23631
23633
23634
23635
23637
23640
23648
23650
23653
23655
23657
23658
23663
23665
23666
23667
23668
23672
23673
23682
23683
23684
23685
23686
23687
23689
23690
23692
23693
23696
23699
23700
23702
23704
23705
23707
23711
23712
23713
23714
23715
23716
23719
23720
23729
23730
23732
23733
23736
23737
23738
23740
23741
23742
23745
23746
23749
23750
23752
23754
23755
23759
23762
23766
23768
23771
23772
23779
23780
23782
23784
23787
23788
23791
23795
23797
23798
23802
23806
23808
23809
23811
23812
23814
23820
23822
23823
23824
23825
23826
23830
23832
23833
23834
23835
23836
23837
23840
23843
23844
23845
23847
23850
23852
23855
23857
23861
23862
23864
23866
23869
23874
23875
23876
23878
23880
23881
23882
23883
23884
23885
23886
23892
23893
23898
23900
23901
23902
23903
23904
23906
23908
23910
23911
23913
23916
23918
23919
23920
23921
23922
23925
23926
23931
23932
23935
23937
23938
23940
23941
23945
23946
23947
23948
23949
23955
23956
23957
23958
23960
23965
23966
23968
23971
23973
23975
23976
23977
23978
23979
23980
23981
23984
23985
23987
23989
23991
23992
23994
23996
23999
24001
24002
24007
24008
24013
24014
24015
24018
24019
24020
24023
24024
24025
24026
24028
24029
24030
24031
24038
24040
24042
24043
24044
24048
24051
24052
24054
24055
24057
24059
24060
24061
24064
24066
24067
24072
24073
24074
24075
24077
24078
24082
24083
24085
24086
24088
24090
24091
24092
24093
24095
24096
24097
24098
24099
24101
24102
24103
24105
24107
24114
24118
24120
24121
24124
24126
24127
24130
24132
24134
24138
24139
24140
24141
24145
24146
24147
24148
24149
24150
24151
24152
24155
24157
24161
24163
24166
24167
24169
24170
24173
24174
24176
24178
24180
24181
24183
24184
24191
24196
24198
24199
24200
24202
24204
24205
24206
24207
24210
24215
24218
24220
24221
24223
24224
24225
24226
24227
24229
24233
24235
24239
24240
24243
24244
24247
24252
24254
24255
24256
24258
24259
24260
24263
24266
24267
24271
24272
24275
24277
24279
24280
24281
24282
24285
24286
24287
24288
24289
24290
24291
24294
24296
24300
24301
24302
24305
24311
24314
24316
24318
24319
24321
24322
24324
24326
24337
24340
24341
24342
24344
24346
24348
24349
24355
24357
24358
24359
24360
24361
24362
24366
24368
24369
24371
24372
24373
24374
24375
24376
24378
24382
24384
24390
24391
24394
24395
24396
24402
24403
24404
24405
24406
24407
24409
24410
24412
24417
24418
24420
24421
24422
24424
24425
24426
24427
24433
24434
24438
24441
24442
24445
24446
24450
24451
24453
24457
24459
24460
24461
24462
24464
24465
24466
24467
24468
24469
24470
24472
24475
24478
24480
24481
24482
24483
24489
24494
24495
24496
24498
24499
24502
24504
24505
24506
24510
24511
24512
24514
24515
24518
24520
24521
24522
24523
24524
24527
24528
24529
24530
24531
24535
24542
24543
24546
24547
24548
24550
24551
24552
24554
24555
24556
24558
24559
24562
24570
24571
24572
24573
24574
24575
24577
24578
24579
24580
24582
24583
24585
24588
24589
24591
24592
24594
24596
24598
24600
24601
24604
24605
24606
24608
24609
24613
24614
24615
24616
24619
24622
24623
24628
24630
24631
24638
24641
24643
24644
24645
24648
24650
24651
24652
24653
24655
24656
24658
24661
24663
24665
24669
24671
24672
24676
24680
24682
24683
24685
24687
24689
24694
24697
24701
24702
24705
24708
24709
24714
24715
24717
24719
24722
24723
24724
24727
24728
24729
24730
24731
24733
24735
24736
24739
24740
24744
24745
24747
24748
24750
24751
24756
24758
24760
24761
24762
24764
24765
24768
24774
24778
24781
24782
24783
24784
24787
24788
24789
24790
24791
24792
24794
24796
24798
24799
24803
24804
24806
24808
24812
24814
24816
24819
24820
24821
24823
24824
24825
24826
24829
24830
24832
24833
24835
24836
24837
24838
24843
24850
24851
24853
24857
24859
24860
24861
24862
24863
24867
24868
24870
24871
24872
24875
24876
24877
24878
24879
24880
24881
24882
24885
24886
24891
24894
24895
24896
24897
24898
24900
24903
24905
24913
24914
24916
24917
24918
24919
24920
24924
24925
24926
24928
24929
24930
24931
24935
24936
24937
24939
24941
24942
24943
24945
24946
24947
24948
24949
24951
24952
24958
24959
24960
24961
24962
24969
24970
24976
24978
24979
24980
24983
24985
24986
24987
24988
24991
24992
24995
24996
24999
25000
25001
25003
25007
25008
25009
25012
25013
25014
25016
25019
25024
25026
25027
25030
25032
25033
25034
25038
25039
25040
25049
25050
25052
25053
25057
25058
25059
25063
25065
25068
25070
25071
25072
25073
25075
25076
25077
25078
25079
25081
25082
25083
25088
25089
25091
25092
25097
25098
25101
25103
25104
25105
25107
25108
25110
25111
25112
25113
25119
25121
25123
25126
25127
25132
25133
25134
25136
25137
25143
25145
25154
25155
25157
25158
25159
25160
25161
25162
25166
25167
25168
25170
25172
25174
25177
25178
25181
25183
25184
25185
25186
25187
25188
25189
25190
25191
25194
25196
25197
25199
25200
25201
25202
25207
25208
25211
25212
25214
25215
25216
25217
25220
25221
25223
25224
25228
25229
25230
25234
25237
25238
25239
25243
25244
25245
25251
25254
25256
25257
25258
25259
25260
25261
25263
25265
25266
25269
25270
25271
25272
25280
25283
25285
25286
25292
25294
25296
25297
25298
25300
25301
25302
25308
25310
25311
25313
25314
25317
25318
25320
25322
25324
25329
25330
25336
25340
25341
25342
25346
25347
25348
25349
25350
25352
25354
25356
25361
25362
25365
25366
25367
25370
25372
25373
25377
25378
25379
25380
25384
25386
25387
25390
25392
25394
25396
25397
25399
25402
25403
25405
25406
25410
25413
25414
25418
25421
25422
25423
25424
25427
25431
25433
25434
25436
25438
25439
25441
25443
25446
25447
25448
25449
25450
25451
25452
25453
25455
25456
25457
25460
25462
25463
25465
25466
25467
25471
25483
25485
25493
25494
25497
25500
25501
25502
25511
25513
25514
25516
25518
25519
25524
25525
25526
25528
25529
25530
25531
25532
25533
25534
25539
25540
25542
25543
25546
25549
25550
25551
25552
25553
25555
25556
25557
25559
25560
25562
25564
25568
25571
25572
25573
25574
25580
25585
25587
25589
25591
25594
25595
25599
25604
25606
25607
25609
25610
25611
25613
25617
25618
25622
25623
25625
25629
25632
25633
25634
25635
25636
25637
25638
25639
25640
25642
25643
25644
25647
25649
25653
25654
25656
25658
25660
25662
25663
25664
25667
25668
25671
25674
25675
25681
25683
25684
25685
25686
25691
25692
25695
25697
25698
25702
25705
25708
25709
25711
25713
25714
25717
25718
25719
25722
25726
25729
25730
25731
25732
25734
25737
25741
25747
25750
25751
25752
25753
25754
25756
25757
25758
25759
25760
25761
25763
25765
25766
25768
25771
25772
25773
25774
25779
25784
25785
25786
25787
25788
25790
25791
25792
25794
25796
25797
25798
25804
25805
25810
25813
25815
25816
25817
25821
25826
25827
25828
25832
25835
25837
25839
25841
25842
25843
25844
25845
25847
25849
25851
25853
25854
25858
25860
25862
25863
25865
25867
25868
25872
25873
25874
25875
25878
25882
25883
25884
25886
25887
25888
25889
25892
25895
25898
25899
25901
25903
25905
25907
25911
25913
25917
25918
25919
25920
25921
25922
25924
25925
25931
25933
25934
25935
25938
25940
25943
25944
25946
25951
25952
25958
25968
25969
25971
25972
25975
25978
25979
25980
25981
25983
25984
25985
25987
25988
25989
25992
25993
25994
25996
25997
25999
26000
26003
26004
26006
26009
26013
26018
26021
26022
26025
26029
26031
26032
26033
26034
26035
26036
26037
26039
26044
26045
26049
26051
26056
26057
26062
26063
26064
26066
26067
26070
26071
26074
26079
26080
26083
26087
26092
26093
26094
26097
26098
26099
26100
26102
26105
26106
26112
26118
26119
26120
26121
26123
26124
26127
26129
26132
26133
26136
26137
26140
26141
26142
26143
26144
26149
26151
26152
26154
26155
26157
26158
26159
26163
26166
26169
26170
26171
26175
26177
26178
26180
26181
26182
26184
26186
26187
26189
26190
26194
26198
26200
26201
26202
26204
26205
26206
26209
26210
26213
26214
26219
26220
26221
26222
26223
26228
26229
26230
26231
26233
26234
26235
26236
26238
26239
26240
26241
26242
26243
26244
26249
26250
26257
26258
26277
26279
26283
26286
26288
26289
26290
26291
26295
26296
26298
26300
26301
26302
26303
26304
26305
26306
26307
26310
26311
26312
26315
26317
26321
26323
26324
26325
26326
26329
26330
26331
26332
26334
26335
26338
26340
26343
26345
26347
26350
26351
26355
26357
26362
26363
26368
26373
26374
26376
26378
26380
26381
26383
26385
26386
26387
26389
26392
26393
26394
26396
26397
26398
26399
26402
26405
26407
26408
26409
26410
26411
26414
26415
26420
26424
26425
26427
26428
26431
26433
26436
26439
26441
26442
26446
26448
26449
26451
26452
26454
26457
26461
26464
26466
26467
26469
26470
26474
26475
26479
26481
26486
26487
26488
26489
26493
26494
26498
26500
26502
26504
26505
26506
26507
26508
26510
26512
26513
26515
26516
26517
26524
26527
26536
26538
26540
26541
26542
26543
26544
26547
26548
26549
26551
26552
26553
26554
26555
26556
26560
26561
26562
26563
26566
26567
26575
26576
26577
26578
26579
26580
26581
26584
26589
26591
26592
26593
26596
26597
26601
26603
26605
26607
26612
26616
26617
26618
26619
26621
26623
26624
26626
26627
26629
26630
26632
26633
26635
26636
26638
26640
26641
26645
26648
26649
26651
26653
26654
26658
26660
26661
26662
26665
26666
26667
26668
26672
26674
26675
26676
26678
26680
26681
26684
26688
26689
26690
26691
26694
26699
26700
26704
26713
26716
26717
26718
26719
26720
26721
26722
26723
26724
26725
26727
26728
26729
26730
26731
26732
26733
26735
26738
26739
26740
26744
26745
26746
26749
26750
26751
26753
26755
26756
26759
26760
26761
26763
26765
26767
26768
26771
26772
26774
26775
26776
26780
26781
26782
26787
26788
26790
26792
26793
26794
26798
26801
26804
26805
26807
26808
26812
26814
26815
26816
26820
26823
26824
26827
26829
26830
26831
26832
26835
26836
26840
26842
26844
26846
26852
26855
26860
26861
26862
26864
26869
26870
26871
26872
26873
26874
26877
26878
26880
26881
26883
26886
26887
26888
26889
26891
26893
26896
26897
26898
26905
26906
26908
26909
26910
26912
26913
26916
26921
26922
26926
26927
26928
26929
26930
26931
26932
26933
26938
26939
26941
26943
26945
26947
26948
26950
26951
26952
26953
26956
26960
26962
26963
26964
26968
26969
26973
26974
26979
26980
26983
26988
26992
26997
27003
27004
27008
27009
27011
27012
27015
27018
27020
27021
27022
27024
27026
27028
27030
27033
27034
27039
27040
27043
27045
27051
27056
27057
27058
27059
27060
27061
27066
27068
27072
27073
27076
27078
27079
27083
27087
27089
27094
27103
27104
27106
27107
27108
27110
27111
27118
27119
27124
27127
27128
27131
27132
27136
27137
27138
27139
27140
27142
27143
27144
27145
27146
27148
27155
27156
27157
27162
27165
27166
27167
27169
27170
27175
27178
27182
27184
27186
27187
27188
27190
27193
27196
27197
27198
27200
27202
27206
27208
27213
27214
27215
27220
27223
27227
27230
27231
27236
27239
27240
27242
27245
27246
27247
27249
27251
27252
27254
27255
27256
27257
27258
27260
27261
27262
27266
27270
27274
27278
27279
27281
27283
27285
27287
27289
27291
27292
27294
27296
27299
27301
27303
27304
27305
27309
27310
27311
27312
27313
27314
27315
27317
27318
27320
27322
27325
27327
27328
27329
27330
27336
27337
27339
27342
27343
27347
27351
27352
27356
27357
27359
27361
27362
27367
27373
27374
27375
27376
27378
27382
27383
27385
27386
27387
27390
27393
27396
27399
27402
27404
27406
27408
27413
27415
27418
27419
27420
27421
27424
27425
27432
27433
27435
27436
27437
27440
27441
27442
27443
27445
27446
27447
27448
27449
27450
27451
27452
27453
27457
27458
27461
27463
27464
27465
27467
27469
27472
27477
27478
27479
27481
27482
27484
27487
27491
27493
27495
27497
27499
27500
27501
27502
27503
27505
27506
27507
27508
27511
27512
27514
27515
27516
27517
27521
27523
27525
27526
27527
27528
27531
27533
27535
27539
27541
27542
27544
27546
27547
27551
27552
27553
27554
27555
27558
27559
27568
27574
27575
27580
27581
27583
27584
27588
27589
27592
27593
27594
27596
27597
27599
27600
27602
27609
27617
27620
27623
27624
27625
27629
27630
27632
27633
27636
27637
27640
27641
27644
27645
27646
27649
27652
27653
27655
27661
27662
27664
27669
27670
27673
27675
27677
27682
27683
27684
27685
27689
27695
27699
27700
27701
27702
27705
27707
27709
27710
27713
27714
27716
27720
27721
27722
27723
27724
27725
27729
27730
27731
27732
27733
27735
27738
27740
27742
27745
27746
27747
27749
27751
27752
27754
27755
27758
27762
27764
27765
27767
27768
27769
27770
27772
27773
27778
27779
27780
27785
27786
27787
27788
27789
27792
27795
27797
27798
27799
27801
27804
27808
27809
27812
27814
27815
27816
27817
27818
27820
27821
27822
27825
27826
27827
27828
27829
27831
27832
27838
27840
27842
27843
27844
27846
27847
27853
27854
27855
27858
27860
27861
27862
27863
27865
27867
27868
27870
27874
27875
27877
27878
27879
27881
27883
27884
27886
27887
27889
27890
27893
27894
27895
27897
27898
27899
27900
27902
27912
27914
27915
27916
27919
27921
27922
27923
27924
27925
27927
27929
27931
27932
27933
27935
27942
27943
27944
27949
27952
27956
27959
27961
27962
27963
27964
27965
27970
27976
27978
27979
27985
27986
27988
27989
27990
27992
27993
27997
27998
27999
28000
28001
28002
28004
28005
28008
28014
28015
28016
28017
28021
28024
28026
28028
28029
28030
28032
28034
28035
28036
28037
28038
28040
28045
28047
28055
28057
28060
28061
28063
28064
28065
28067
28069
28072
28075
28077
28081
28083
28084
28085
28086
28088
28092
28093
28094
28097
28098
28099
28104
28106
28107
28109
28112
28117
28118
28120
28123
28124
28125
28127
28128
28131
28136
28138
28139
28140
28141
28145
28146
28147
28149
28154
28156
28158
28159
28160
28162
28164
28165
28166
28169
28170
28173
28176
28178
28181
28182
28183
28184
28185
28187
28188
28191
28192
28196
28197
28198
28199
28200
28201
28207
28208
28209
28210
28211
28213
28218
28219
28223
28224
28226
28228
28233
28234
28235
28236
28239
28240
28241
28243
28244
28245
28247
28248
28249
28250
28251
28253
28254
28256
28257
28258
28259
28260
28263
28264
28266
28267
28271
28272
28273
28274
28275
28276
28280
28283
28284
28285
28288
28289
28293
28297
28298
28302
28303
28305
28307
28308
28309
28311
28314
28317
28318
28319
28324
28327
28331
28332
28335
28339
28340
28342
28344
28345
28346
28347
28350
28355
28356
28359
28362
28363
28364
28366
28370
28372
28373
28374
28375
28377
28378
28379
28380
28381
28382
28383
28384
28386
28388
28389
28390
28394
28395
28398
28399
28402
28404
28409
28412
28414
28415
28417
28420
28421
28422
28426
28432
28433
28438
28441
28447
28454
28458
28462
28464
28465
28470
28472
28473
28475
28477
28480
28481
28482
28483
28490
28493
28494
28495
28496
28497
28500
28501
28502
28504
28505
28506
28507
28509
28512
28513
28516
28517
28518
28519
28521
28523
28524
28526
28528
28530
28531
28533
28534
28535
28537
28539
28541
28542
28543
28544
28546
28547
28548
28550
28551
28553
28558
28559
28562
28563
28564
28567
28570
28572
28574
28575
28579
28584
28586
28587
28588
28589
28590
28592
28594
28595
28596
28599
28601
28602
28603
28607
28609
28613
28614
28615
28618
28619
28621
28622
28625
28626
28632
28634
28636
28637
28638
28642
28644
28645
28647
28649
28650
28651
28653
28654
28656
28663
28664
28666
28668
28671
28672
28673
28674
28676
28678
28680
28683
28684
28685
28686
28688
28692
28695
28696
28697
28698
28699
28700
28708
28710
28711
28714
28715
28716
28717
28723
28726
28727
28728
28729
28730
28732
28734
28735
28738
28739
28741
28742
28743
28744
28746
28748
28749
28750
28751
28754
28757
28759
28761
28762
28764
28765
28766
28767
28768
28769
28773
28774
28775
28776
28777
28779
28785
28786
28787
28792
28794
28795
28796
28798
28801
28802
28805
28806
28807
28808
28809
28811
28812
28814
28816
28818
28820
28822
28826
28828
28831
28833
28837
28839
28841
28846
28847
28848
28854
28857
28858
28860
28862
28864
28866
28869
28872
28873
28874
28875
28878
28881
28882
28884
28887
28888
28890
28892
28895
28897
28900
28901
28905
28906
28907
28909
28910
28912
28915
28916
28922
28925
28926
28927
28931
28932
28933
28934
28936
28937
28938
28939
28940
28941
28944
28946
28950
28956
28957
28958
28960
28961
28963
28964
28965
28966
28967
28971
28972
28974
28978
28979
28980
28982
28984
28987
28989
28991
28993
28994
28995
28996
28997
29001
29003
29004
29005
29007
29008
29009
29010
29012
29014
29019
29020
29021
29023
29025
29027
29028
29031
29033
29036
29042
29043
29047
29049
29051
29052
29055
29056
29058
29059
29060
29062
29064
29065
29067
29068
29069
29070
29071
29074
29077
29078
29079
29080
29081
29082
29085
29091
29094
29096
29097
29098
29100
29101
29103
29104
29107
29110
29111
29112
29113
29115
29116
29119
29120
29121
29122
29123
29125
29126
29127
29129
29130
29132
29133
29136
29137
29138
29139
29140
29141
29143
29144
29145
29146
29150
29151
29152
29154
29156
29157
29163
29165
29168
29170
29171
29174
29177
29179
29182
29183
29185
29186
29187
29190
29194
29196
29197
29198
29203
29204
29206
29208
29211
29212
29214
29215
29216
29217
29219
29221
29227
29229
29231
29232
29233
29235
29238
29239
29240
29241
29242
29243
29244
29246
29250
29251
29253
29255
29257
29258
29259
29261
29263
29265
29268
29269
29270
29274
29276
29277
29281
29282
29283
29286
29287
29288
29292
29293
29294
29295
29296
29298
29299
29300
29301
29304
29305
29307
29309
29312
29313
29314
29315
29316
29318
29319
29321
29322
29327
29333
29335
29336
29338
29339
29340
29341
29345
29347
29348
29352
29354
29357
29358
29361
29362
29363
29365
29369
29370
29374
29377
29380
29384
29386
29390
29393
29397
29398
29399
29400
29401
29406
29407
29408
29409
29411
29413
29415
29420
29424
29427
29428
29429
29430
29431
29433
29436
29438
29439
29440
29443
29446
29447
29448
29449
29453
29456
29466
29467
29469
29470
29475
29477
29481
29484
29487
29489
29490
29491
29492
29494
29496
29498
29501
29502
29503
29506
29509
29510
29511
29513
29517
29519
29520
29521
29522
29523
29524
29527
29528
29529
29531
29537
29539
29540
29541
29542
29544
29545
29546
29548
29553
29555
29556
29558
29561
29562
29564
29568
29569
29571
29574
29580
29581
29583
29586
29588
29589
29591
29594
29597
29598
29601
29602
29604
29605
29610
29613
29616
29617
29619
29621
29627
29628
29637
29638
29639
29645
29648
29652
29653
29655
29656
29658
29659
29660
29661
29666
29667
29668
29669
29670
29671
29674
29683
29684
29689
29690
29691
29692
29693
29694
29695
29696
29698
29699
29701
29702
29703
29706
29707
29708
29710
29711
29713
29718
29722
29723
29725
29729
29735
29736
29737
29738
29740
29742
29743
29746
29748
29750
29751
29752
29753
29759
29760
29762
29764
29765
29769
29770
29776
29777
29782
29783
29785
29787
29791
29793
29796
29799
29800
29805
29806
29808
29809
29811
29813
29814
29815
29817
29818
29819
29820
29824
29825
29827
29833
29834
29836
29837
29839
29840
29841
29846
29847
29848
29855
29857
29860
29862
29864
29865
29867
29871
29874
29876
29878
29879
29881
29882
29883
29885
29886
29888
29889
29891
29892
29896
29897
29899
29900
29905
29906
29911
29912
29913
29915
29916
29918
29919
29922
29925
29928
29929
29930
29934
29937
29940
29945
29946
29949
29950
29951
29952
29959
29960
29962
29965
29968
29970
29972
29973
29976
29978
29979
29981
29984
29989
29990
29994
29996
29998
30000
30001
30002
30003
30004
30008
30009
30011
30015
30016
30017
30019
30022
30025
30026
30031
30032
30035
30038
30039
30042
30045
30047
30051
30052
30053
30055
30059
30060
30061
30063
30064
30068
30077
30078
30079
30082
30083
30084
30085
30086
30087
30088
30089
30098
30100
30101
30112
30116
30119
30123
30125
30126
30128
30130
30133
30134
30144
30145
30147
30148
30150
30153
30155
30158
30159
30160
30165
30166
30175
30179
30181
30182
30190
30191
30200
30202
30203
30206
30207
30210
30214
30216
30217
30222
30223
30224
30225
30227
30229
30233
30235
30236
30239
30240
30241
30242
30243
30245
30246
30248
30249
30251
30254
30255
30256
30257
30259
30262
30265
30267
30269
30270
30273
30282
30284
30287
30288
30289
30291
30292
30293
30295
30297
30300
30301
30303
30305
30309
30314
30316
30317
30323
30324
30325
30326
30328
30329
30330
30334
30338
30339
30343
30344
30345
30347
30348
30350
30353
30354
30356
30361
30364
30365
30366
30367
30368
30370
30371
30373
30375
30377
30381
30386
30390
30393
30394
30396
30397
30398
30400
30402
30403
30407
30411
30412
30415
30416
30417
30418
30431
30432
30433
30434
30435
30440
30441
30443
30452
30453
30454
30455
30458
30459
30460
30464
30465
30466
30467
30470
30474
30476
30478
30481
30486
30491
30492
30497
30499
30500
30501
30502
30503
30506
30507
30508
30511
30512
30514
30517
30518
30521
30523
30526
30528
30530
30532
30533
30535
30538
30539
30540
30545
30546
30549
30550
30554
30555
30557
30561
30564
30565
30569
30571
30572
30573
30577
30581
30583
30586
30587
30589
30590
30592
30594
30595
30597
30602
30603
30604
30606
30607
30610
30611
30612
30616
30617
30620
30621
30622
30623
30626
30630
30631
30636
30637
30638
30639
30643
30644
30646
30650
30654
30655
30657
30660
30661
30664
30665
30666
30667
30669
30670
30672
30675
30676
30677
30683
30684
30685
30689
30692
30693
30694
30698
30700
30701
30703
30707
30709
30710
30711
30714
30715
30716
30717
30718
30719
30721
30722
30723
30726
30734
30736
30737
30742
30743
30744
30746
30747
30748
30750
30751
30753
30755
30756
30758
30762
30764
30765
30766
30767
30768
30772
30773
30774
30775
30777
30778
30779
30780
30781
30783
30785
30787
30792
30794
30803
30805
30807
30808
30810
30815
30816
30822
30825
30827
30829
30833
30837
30839
30840
30843
30844
30849
30853
30855
30857
30858
30859
30861
30862
30864
30868
30869
30870
30872
30873
30875
30876
30879
30880
30881
30883
30885
30887
30890
30893
30908
30910
30911
30913
30915
30917
30918
30919
30920
30922
30923
30924
30926
30928
30929
30933
30934
30936
30937
30938
30940
30942
30945
30946
30953
30955
30956
30957
30963
30964
30966
30967
30971
30972
30975
30978
30981
30983
30986
30991
30992
30993
30998
30999
31000
31003
31004
31006
31007
31008
31011
31012
31015
31020
31022
31024
31027
31035
31036
31040
31041
31042
31046
31053
31054
31060
31063
31064
31065
31066
31067
31071
31073
31077
31078
31083
31090
31091
31094
31095
31096
31098
31100
31104
31106
31108
31109
31110
31111
31113
31117
31120
31121
31123
31125
31126
31129
31130
31134
31135
31138
31139
31140
31141
31144
31147
31150
31151
31155
31156
31157
31158
31159
31160
31161
31162
31164
31171
31172
31173
31178
31179
31180
31183
31186
31187
31190
31191
31193
31194
31196
31199
31200
31202
31205
31206
31207
31215
31216
31217
31218
31222
31228
31234
31235
31237
31241
31242
31243
31246
31247
31253
31256
31258
31259
31260
31261
31267
31269
31270
31272
31273
31274
31275
31276
31277
31278
31280
31283
31284
31285
31287
31288
31289
31292
31293
31296
31302
31304
31306
31309
31310
31311
31312
31316
31317
31318
31319
31320
31321
31322
31324
31327
31328
31329
31331
31332
31333
31334
31341
31345
31346
31348
31349
31350
31352
31353
31355
31357
31367
31370
31372
31375
31378
31380
31383
31387
31388
31390
31392
31394
31395
31396
31397
31399
31400
31401
31402
31414
31415
31416
31418
31419
31420
31426
31427
31428
31430
31431
31435
31438
31439
31443
31444
31445
31446
31448
31449
31451
31453
31454
31455
31457
31460
31463
31465
31466
31469
31475
31476
31483
31487
31488
31491
31492
31494
31499
31500
31501
31502
31503
31506
31507
31508
31509
31510
31511
31515
31516
31522
31526
31529
31532
31533
31534
31535
31537
31538
31544
31549
31550
31557
31562
31563
31566
31569
31572
31573
31574
31575
31576
31578
31580
31581
31584
31585
31587
31589
31590
31591
31593
31595
31596
31597
31599
31601
31602
31603
31605
31609
31610
31611
31616
31617
31618
31619
31622
31624
31625
31627
31628
31630
31633
31636
31637
31638
31639
31641
31642
31643
31645
31647
31648
31650
31651
31652
31655
31656
31657
31658
31659
31661
31662
31666
31667
31668
31669
31671
31672
31674
31678
31679
31683
31685
31687
31690
31694
31695
31697
31698
31699
31700
31702
31703
31704
31709
31710
31713
31714
31715
31716
31718
31720
31723
31729
31733
31734
31735
31736
31737
31739
31742
31745
31746
31747
31750
31754
31756
31758
31762
31763
31766
31772
31775
31777
31779
31780
31783
31784
31788
31789
31790
31793
31795
31796
31798
31803
31805
31807
31809
31811
31813
31814
31824
31825
31826
31827
31832
31833
31835
31836
31837
31839
31842
31845
31848
31851
31852
31856
31857
31858
31862
31867
31868
31869
31872
31874
31875
31876
31878
31879
31881
31883
31887
31891
31892
31894
31895
31896
31898
31899
31900
31901
31903
31904
31907
31910
31912
31918
31922
31923
31924
31925
31929
31933
31935
31936
31939
31940
31944
31946
31948
31952
31953
31957
31959
31960
31962
31967
31970
31973
31983
31984
31985
31986
31988
31989
31990
31991
31993
31994
31997
32000
32002
32004
32005
32008
32009
32012
32016
32019
32022
32024
32027
32031
32032
32034
32036
32038
32040
32042
32045
32048
32049
32052
32054
32056
32057
32058
32059
32060
32061
32063
32064
32067
32068
32069
32072
32079
32080
32082
32084
32085
32087
32092
32096
32097
32098
32099
32100
32101
32102
32105
32106
32108
32110
32111
32113
32115
32116
32117
32118
32123
32124
32125
32126
32127
32130
32131
32135
32138
32139
32141
32142
32146
32147
32149
32150
32152
32157
32161
32162
32164
32167
32168
32173
32174
32175
32176
32177
32179
32181
32183
32184
32186
32188
32190
32191
32192
32196
32197
32198
32200
32209
32211
32213
32215
32216
32217
32218
32220
32222
32225
32226
32230
32231
32232
32235
32236
32239
32241
32242
32243
32244
32247
32252
32253
32258
32260
32262
32263
32265
32268
32269
32271
32272
32277
32281
32282
32283
32289
32290
32292
32293
32294
32295
32298
32299
32300
32301
32302
32303
32304
32308
32310
32312
32317
32320
32322
32323
32326
32327
32337
32339
32340
32342
32345
32346
32347
32349
32350
32354
32358
32359
32360
32361
32362
32363
32364
32366
32368
32371
32373
32375
32376
32377
32380
32381
32383
32385
32386
32389
32391
32392
32393
32394
32395
32399
32401
32404
32406
32407
32408
32411
32416
32417
32418
32421
32429
32430
32431
32433
32435
32436
32438
32440
32442
32443
32446
32448
32449
32450
32451
32452
32453
32456
32457
32458
32461
32462
32463
32468
32470
32471
32475
32478
32481
32482
32484
32486
32487
32489
32490
32491
32492
32493
32496
32499
32500
32502
32505
32507
32511
32517
32519
32523
32526
32527
32529
32530
32533
32534
32535
32537
32539
32540
32541
32544
32545
32547
32557
32558
32559
32566
32567
32570
32572
32573
32575
32579
32580
32587
32589
32591
32595
32597
32598
32599
32600
32604
32606
32608
32614
32617
32618
32619
32623
32624
32627
32629
32633
32637
32640
32642
32648
32651
32652
32656
32657
32659
32660
32662
32668
32670
32671
32677
32679
32681
32682
32687
32688
32690
32694
32703
32704
32705
32706
32712
32714
32717
32718
32724
32725
32726
32727
32731
32734
32740
32741
32743
32744
32745
32746
32753
32755
32757
32763
32764
32770
32772
32774
32776
32777
32778
32780
32783
32786
32788
32789
32790
32791
32795
32796
32797
32799
32801
32802
32803
32808
32811
32813
32815
32819
32820
32822
32830
32834
32836
32838
32840
32843
32844
32849
32853
32855
32856
32859
32860
32861
32863
32866
32867
32868
32870
32873
32874
32876
32877
32878
32879
32881
32882
32890
32891
32893
32894
32895
32896
32897
32900
32902
32905
32906
32907
32909
32911
32912
32913
32914
32917
32920
32925
32927
32929
32930
32938
32939
32941
32942
32944
32946
32947
32949
32951
32952
32953
32955
32957
32960
32961
32963
32965
32966
32971
32975
32977
32978
32984
32987
32992
32996
32998
32999
33000
33002
33003
33004
33007
33008
33012
33014
33017
33018
33020
33021
33024
33026
33030
33033
33037
33038
33039
33041
33042
33044
33048
33049
33050
33052
33053
33055
33057
33058
33060
33062
33063
33066
33067
33071
33072
33075
33078
33080
33081
33084
33087
33092
33094
33097
33099
33100
33102
33106
33107
33111
33112
33114
33115
33116
33119
33123
33124
33125
33128
33137
33144
33145
33148
33151
33152
33153
33156
33157
33159
33160
33161
33163
33165
33167
33168
33169
33173
33174
33175
33176
33180
33182
33184
33185
33187
33188
33189
33190
33192
33193
33194
33195
33197
33198
33201
33202
33207
33209
33210
33211
33215
33217
33220
33221
33225
33226
33227
33232
33235
33236
33237
33241
33242
33244
33246
33247
33250
33256
33257
33263
33265
33266
33270
33272
33281
33282
33285
33287
33288
33289
33290
33293
33295
33297
33298
33301
33305
33307
33308
33310
33315
33316
33319
33323
33325
33326
33330
33334
33338
33341
33342
33343
33349
33350
33354
33356
33358
33359
33361
33362
33363
33365
33368
33369
33370
33371
33372
33377
33378
33379
33380
33384
33387
33391
33394
33396
33398
33404
33405
33407
33409
33410
33415
33416
33426
33430
33431
33432
33434
33435
33436
33437
33439
33440
33441
33446
33447
33453
33454
33455
33456
33457
33459
33462
33463
33468
33469
33471
33473
33477
33481
33485
33486
33489
33490
33493
33494
33496
33499
33500
33501
33502
33504
33506
33511
33512
33516
33530
33537
33542
33544
33545
33546
33547
33549
33550
33551
33554
33555
33556
33559
33562
33565
33566
33567
33572
33574
33578
33579
33580
33583
33586
33591
33599
33601
33603
33605
33606
33607
33609
33611
33613
33615
33619
33620
33622
33624
33625
33626
33627
33630
33631
33632
33633
33637
33639
33644
33645
33648
33649
33653
33654
33655
33656
33657
33659
33661
33662
33663
33664
33666
33668
33669
33673
33674
33675
33679
33681
33685
33687
33688
33690
33693
33696
33697
33698
33699
33702
33703
33704
33707
33709
33710
33711
33712
33715
33716
33721
33722
33723
33728
33731
33735
33736
33738
33739
33740
33746
33751
33752
33753
33755
33759
33762
33763
33766
33770
33773
33774
33778
33779
33780
33782
33783
33784
33785
33788
33791
33795
33799
33800
33806
33807
33813
33815
33818
33820
33821
33823
33824
33827
33829
33830
33832
33833
33835
33836
33837
33839
33840
33841
33843
33845
33846
33847
33848
33849
33850
33851
33853
33868
33870
33871
33876
33878
33881
33883
33885
33889
33891
33892
33894
33895
33901
33904
33906
33912
33913
33916
33920
33921
33922
33923
33926
33927
33932
33933
33936
33940
33941
33943
33944
33945
33946
33947
33948
33951
33954
33956
33957
33963
33966
33967
33968
33969
33972
33973
33975
33977
33978
33980
33983
33984
33987
33988
33989
33995
33996
34000
34001
34002
34007
34009
34012
34015
34019
34020
34025
34029
34031
34036
34038
34039
34041
34042
34043
34044
34045
34048
34049
34052
34053
34054
34058
34059
34061
34062
34066
34069
34070
34071
34072
34075
34079
34080
34081
34083
34089
34091
34093
34095
34097
34100
34102
34103
34105
34108
34109
34110
34111
34112
34113
34114
34118
34120
34121
34124
34126
34127
34132
34133
34139
34140
34142
34143
34145
34147
34148
34151
34152
34155
34156
34157
34158
34160
34162
34163
34166
34168
34169
34176
34186
34187
34189
34191
34192
34195
34198
34207
34208
34209
34216
34218
34219
34220
34221
34222
34224
34226
34228
34229
34231
34233
34237
34238
34242
34243
34244
34256
34257
34261
34262
34263
34264
34267
34271
34278
34279
34282
34285
34287
34291
34293
34294
34295
34297
34298
34301
34302
34304
34307
34309
34311
34314
34315
34316
34317
34319
34320
34321
34323
34326
34329
34334
34336
34340
34342
34345
34346
34347
34348
34349
34350
34352
34356
34357
34358
34359
34361
34362
34363
34365
34366
34367
34369
34370
34373
34376
34377
34382
34388
34393
34395
34396
34400
34404
34406
34408
34409
34414
34415
34416
34417
34420
34421
34424
34427
34431
34436
34437
34438
34441
34442
34443
34448
34450
34455
34456
34459
34464
34469
34470
34472
34473
34476
34477
34478
34481
34483
34486
34487
34488
34491
34492
34493
34495
34496
34500
34501
34503
34504
34505
34506
34507
34508
34510
34511
34512
34513
34516
34517
34524
34525
34526
34528
34529
34530
34534
34536
34539
34540
34544
34545
34546
34549
34555
34557
34558
34560
34562
34563
34564
34565
34567
34568
34573
34580
34589
34591
34597
34598
34601
34602
34606
34608
34610
34614
34619
34621
34623
34625
34626
34627
34629
34630
34631
34634
34635
34638
34639
34641
34648
34649
34651
34656
34658
34661
34663
34664
34667
34669
34671
34673
34683
34687
34690
34693
34695
34697
34701
34703
34704
34705
34707
34709
34710
34712
34714
34716
34717
34719
34721
34724
34730
34732
34734
34737
34739
34742
34743
34745
34747
34749
34751
34754
34757
34758
34760
34761
34763
34765
34766
34767
34769
34770
34772
34776
34778
34779
34782
34783
34786
34788
34789
34791
34793
34794
34796
34802
34808
34811
34815
34816
34817
34818
34819
34821
34822
34826
34828
34829
34831
34833
34835
34840
34842
34843
34845
34847
34851
34852
34854
34855
34856
34857
34858
34859
34861
34864
34867
34869
34871
34873
34875
34877
34878
34880
34881
34882
34884
34887
34889
34890
34895
34897
34898
34899
34900
34902
34903
34906
34907
34909
34911
34912
34913
34914
34916
34919
34921
34928
34931
34932
34933
34935
34936
34939
34941
34943
34944
34955
34958
34959
34960
34962
34966
34970
34971
34972
34975
34976
34978
34979
34980
34981
34984
34987
34990
34992
34995
34997
34998
34999
35005
35006
35008
35010
35012
35013
35017
35023
35025
35026
35029
35031
35032
35033
35034
35039
35046
35047
35049
35058
35059
35060
35061
35063
35065
35069
35073
35077
35078
35080
35082
35084
35086
35088
35090
35091
35092
35096
35097
35098
35099
35101
35105
35108
35109
35110
35111
35113
35114
35116
35119
35121
35122
35123
35125
35126
35128
35129
35132
35133
35135
35136
35143
35144
35147
35151
35155
35157
35159
35160
35162
35164
35165
35167
35168
35174
35176
35177
35178
35180
35186
35189
35191
35192
35197
35201
35202
35205
35206
35207
35209
35211
35213
35214
35219
35220
35223
35226
35229
35233
35234
35237
35242
35244
35245
35246
35251
35253
35254
35259
35260
35261
35262
35263
35264
35266
35273
35276
35277
35280
35283
35289
35290
35292
35293
35295
35296
35297
35298
35299
35301
35302
35305
35306
35308
35312
35314
35315
35318
35322
35323
35326
35328
35329
35332
35333
35334
35336
35338
35341
35342
35343
35344
35345
35346
35348
35349
35350
35351
35352
35354
35357
35361
35367
35368
35370
35371
35372
35373
35374
35377
35378
35379
35380
35381
35383
35386
35388
35390
35395
35396
35398
35400
35402
35407
35410
35411
35413
35416
35417
35420
35421
35422
35423
35427
35428
35430
35433
35434
35438
35443
35449
35450
35451
35455
35456
35457
35462
35463
35465
35466
35467
35468
35470
35474
35478
35479
35481
35485
35487
35494
35499
35501
35504
35505
35508
35509
35510
35511
35513
35515
35522
35523
35524
35527
35531
35532
35534
35537
35538
35540
35545
35547
35549
35553
35555
35556
35558
35561
35562
35564
35565
35566
35567
35568
35570
35572
35573
35574
35579
35581
35582
35588
35590
35592
35593
35596
35600
35601
35602
35607
35609
35614
35620
35626
35628
35631
35640
35643
35644
35645
35647
35649
35650
35652
35657
35660
35661
35663
35666
35667
35668
35671
35672
35678
35679
35680
35682
35685
35686
35687
35688
35689
35690
35691
35692
35697
35698
35699
35703
35714
35717
35719
35720
35722
35723
35725
35732
35736
35740
35741
35745
35750
35752
35753
35756
35758
35760
35762
35763
35764
35766
35769
35771
35772
35773
35774
35775
35778
35779
35780
35781
35782
35784
35785
35786
35790
35795
35796
35798
35800
35801
35802
35805
35807
35810
35815
35820
35821
35822
35826
35829
35830
35831
35833
35834
35835
35836
35839
35840
35842
35843
35846
35855
35856
35857
35858
35859
35861
35868
35869
35871
35873
35875
35876
35877
35879
35881
35882
35884
35887
35891
35893
35897
35902
35903
35904
35906
35907
35908
35909
35913
35915
35916
35917
35919
35920
35922
35926
35932
35933
35938
35940
35948
35951
35954
35955
35956
35957
35958
35960
35962
35963
35971
35972
35974
35976
35978
35979
35981
35983
35985
35988
35995
35997
35999
36000
36002
36003
36005
36006
36007
36009
36010
36012
36014
36015
36018
36019
36021
36022
36023
36024
36026
36031
36033
36035
36036
36040
36041
36047
36048
36049
36050
36051
36058
36059
36061
36062
36063
36069
36070
36072
36077
36078
36079
36082
36083
36089
36090
36091
36093
36096
36100
36107
36110
36111
36112
36113
36114
36121
36122
36123
36127
36129
36131
36137
36138
36141
36142
36143
36144
36146
36147
36149
36154
36156
36158
36159
36160
36161
36162
36165
36169
36173
36174
36176
36180
36181
36184
36185
36186
36187
36189
36192
36194
36201
36203
36204
36205
36207
36208
36211
36213
36214
36220
36221
36223
36225
36227
36230
36237
36238
36240
36241
36242
36243
36244
36247
36249
36250
36251
36253
36258
36260
36261
36264
36265
36266
36271
36274
36278
36281
36284
36288
36290
36294
36295
36296
36302
36306
36311
36314
36317
36318
36321
36326
36328
36329
36330
36332
36333
36335
36338
36339
36345
36347
36348
36354
36356
36359
36362
36364
36365
36366
36367
36368
36370
36371
36374
36378
36386
36387
36388
36390
36393
36398
36399
36400
36402
36403
36404
36406
36407
36408
36416
36417
36418
36419
36421
36424
36426
36427
36428
36436
36437
36438
36440
36443
36446
36448
36451
36456
36457
36461
36462
36463
36467
36469
36472
36473
36475
36476
36480
36484
36488
36489
36495
36497
36501
36504
36506
36508
36509
36511
36513
36514
36517
36519
36521
36522
36523
36525
36526
36531
36535
36536
36541
36543
36549
36551
36555
36558
36559
36560
36561
36564
36565
36566
36568
36569
36575
36576
36580
36586
36587
36589
36590
36591
36594
36596
36598
36602
36603
36604
36606
36608
36609
36610
36611
36614
36618
36621
36622
36623
36626
36630
36631
36633
36634
36636
36639
36640
36648
36650
36652
36653
36655
36661
36662
36663
36664
36666
36674
36677
36678
36679
36682
36685
36686
36689
36690
36694
36695
36700
36701
36704
36706
36707
36708
36710
36711
36712
36722
36724
36727
36728
36730
36732
36734
36736
36745
36746
36747
36750
36752
36753
36754
36756
36758
36761
36764
36765
36772
36777
36778
36781
36789
36791
36792
36795
36800
36805
36806
36807
36808
36809
36810
36812
36815
36821
36824
36829
36830
36831
36832
36834
36837
36838
36840
36842
36847
36849
36855
36856
36857
36859
36860
36861
36864
36866
36872
36873
36874
36879
36888
36889
36893
36899
36901
36906
36907
36909
36910
36914
36920
36921
36922
36924
36925
36926
36931
36932
36935
36936
36937
36941
36942
36943
36949
36955
36958
36960
36962
36964
36966
36967
36968
36970
36971
36972
36974
36977
36983
36984
36985
36989
36991
36993
36995
36997
37001
37003
37004
37005
37006
37007
37008
37010
37012
37018
37020
37023
37025
37027
37030
37031
37036
37038
37039
37040
37041
37042
37043
37049
37050
37051
37052
37053
37054
37055
37056
37062
37067
37070
37071
37072
37074
37081
37082
37086
37088
37092
37098
37100
37101
37105
37109
37110
37111
37114
37115
37117
37119
37121
37122
37125
37126
37129
37131
37132
37133
37134
37136
37138
37141
37143
37145
37146
37158
37159
37162
37164
37165
37167
37168
37170
37173
37175
37176
37178
37183
37184
37186
37190
37191
37194
37196
37203
37205
37206
37208
37209
37212
37213
37214
37216
37218
37220
37222
37224
37226
37227
37228
37229
37230
37233
37234
37236
37237
37239
37240
37243
37244
37247
37249
37250
37252
37253
37256
37258
37261
37263
37264
37268
37269
37271
37272
37273
37282
37285
37287
37288
37290
37293
37296
37297
37301
37304
37306
37315
37317
37318
37319
37326
37327
37329
37331
37332
37333
37335
37336
37338
37346
37347
37350
37352
37359
37360
37362
37367
37373
37374
37376
37384
37391
37393
37396
37398
37401
37402
37403
37406
37408
37413
37416
37417
37418
37421
37424
37426
37427
37428
37429
37432
37434
37435
37436
37437
37438
37441
37445
37446
37447
37452
37455
37459
37461
37463
37464
37465
37466
37467
37468
37474
37475
37477
37478
37480
37482
37485
37486
37487
37490
37491
37492
37497
37503
37506
37508
37510
37512
37513
37517
37518
37519
37520
37521
37522
37524
37527
37529
37534
37537
37538
37539
37540
37541
37547
37548
37551
37552
37556
37557
37558
37561
37565
37567
37568
37569
37570
37572
37573
37574
37578
37580
37583
37586
37590
37591
37592
37595
37596
37597
37598
37600
37601
37602
37605
37606
37607
37608
37609
37612
37615
37616
37617
37618
37622
37625
37630
37633
37634
37638
37642
37644
37648
37650
37652
37657
37664
37674
37676
37679
37680
37683
37685
37688
37691
37692
37696
37700
37707
37709
37710
37715
37717
37718
37721
37724
37731
37736
37741
37742
37743
37744
37752
37754
37755
37756
37758
37760
37761
37762
37763
37766
37767
37768
37773
37775
37781
37785
37786
37788
37792
37796
37798
37799
37803
37804
37805
37807
37808
37809
37816
37819
37823
37827
37830
37833
37834
37842
37845
37846
37848
37849
37851
37853
37856
37857
37858
37859
37860
37861
37862
37865
37866
37869
37871
37872
37873
37874
37875
37876
37877
37882
37884
37889
37891
37909
37910
37911
37913
37918
37921
37924
37925
37926
37928
37929
37930
37933
37934
37935
37936
37941
37942
37943
37947
37949
37951
37952
37953
37957
37958
37960
37963
37967
37968
37973
37974
37977
37979
37980
37981
37985
37986
37992
37996
37999
38001
38003
38004
38006
38007
38010
38012
38016
38017
38019
38023
38025
38026
38029
38031
38032
38033
38035
38036
38037
38042
38047
38050
38052
38053
38058
38059
38064
38065
38066
38074
38078
38079
38083
38086
38087
38090
38093
38095
38096
38097
38099
38101
38102
38103
38109
38111
38113
38114
38116
38120
38122
38124
38126
38129
38135
38138
38139
38140
38143
38144
38145
38150
38152
38153
38154
38155
38156
38158
38159
38162
38163
38164
38166
38167
38169
38170
38171
38172
38173
38177
38178
38180
38183
38184
38188
38189
38190
38191
38198
38199
38200
38202
38203
38204
38208
38209
38210
38212
38223
38224
38225
38227
38229
38230
38231
38233
38234
38235
38237
38238
38240
38241
38242
38244
38246
38247
38250
38255
38261
38263
38273
38276
38277
38282
38286
38291
38293
38294
38297
38298
38300
38307
38309
38310
38313
38314
38315
38317
38319
38320
38328
38339
38340
38342
38343
38346
38347
38350
38351
38353
38354
38355
38358
38360
38364
38365
38369
38370
38372
38377
38378
38379
38382
38391
38392
38394
38397
38399
38400
38404
38405
38407
38410
38411
38413
38415
38416
38418
38420
38423
38428
38432
38434
38436
38437
38441
38445
38448
38454
38455
38458
38459
38460
38462
38463
38465
38467
38470
38471
38472
38477
38478
38480
38484
38487
38488
38494
38496
38498
38503
38505
38507
38509
38517
38519
38523
38525
38527
38528
38529
38530
38532
38537
38538
38541
38543
38544
38545
38546
38547
38549
38550
38563
38564
38566
38569
38572
38575
38576
38577
38578
38579
38581
38583
38585
38586
38591
38595
38601
38603
38604
38608
38611
38612
38616
38618
38619
38622
38624
38625
38629
38630
38631
38634
38635
38638
38640
38641
38644
38647
38650
38652
38653
38657
38658
38659
38660
38661
38662
38666
38667
38669
38670
38672
38677
38680
38681
38682
38683
38689
38690
38693
38695
38696
38697
38700
38702
38705
38707
38708
38711
38712
38716
38719
38724
38725
38732
38737
38741
38742
38743
38747
38749
38751
38754
38761
38763
38767
38768
38770
38771
38774
38776
38778
38783
38784
38787
38788
38789
38795
38797
38800
38801
38807
38808
38809
38810
38811
38812
38813
38814
38820
38822
38825
38826
38828
38829
38836
38838
38841
38845
38848
38849
38852
38854
38858
38860
38861
38862
38863
38866
38868
38879
38883
38884
38892
38894
38896
38897
38901
38902
38906
38912
38914
38917
38918
38923
38928
38931
38935
38938
38939
38945
38949
38951
38952
38953
38955
38961
38962
38964
38965
38969
38974
38976
38981
38984
38985
38990
38994
38995
38998
39001
39002
39009
39011
39012
39016
39019
39020
39026
39027
39028
39031
39035
39037
39040
39045
39046
39047
39048
39049
39054
39056
39058
39059
39065
39067
39069
39070
39071
39074
39078
39080
39084
39087
39088
39090
39093
39095
39098
39100
39102
39103
39104
39108
39113
39118
39120
39121
39123
39126
39129
39131
39134
39135
39136
39142
39143
39145
39150
39154
39157
39159
39165
39166
39168
39176
39178
39179
39182
39184
39185
39191
39195
39200
39201
39205
39207
39210
39212
39215
39216
39220
39222
39223
39224
39227
39232
39236
39237
39239
39240
39242
39243
39244
39246
39248
39249
39250
39253
39255
39256
39257
39259
39261
39262
39263
39268
39273
39274
39275
39276
39279
39281
39283
39287
39289
39291
39292
39293
39294
39296
39298
39300
39307
39308
39310
39312
39314
39317
39318
39319
39320
39321
39322
39323
39324
39325
39327
39330
39331
39335
39336
39337
39338
39339
39342
39347
39349
39354
39355
39356
39358
39361
39363
39369
39370
39371
39373
39374
39379
39381
39384
39387
39388
39392
39393
39397
39398
39399
39404
39407
39408
39409
39412
39414
39419
39420
39423
39424
39426
39427
39432
39433
39437
39441
39442
39447
39450
39451
39452
39453
39456
39457
39460
39465
39470
39472
39473
39474
39477
39478
39479
39480
39484
39486
39487
39488
39489
39490
39493
39495
39502
39508
39509
39510
39513
39515
39517
39518
39523
39524
39525
39526
39528
39529
39531
39534
39536
39540
39541
39542
39553
39556
39560
39564
39566
39569
39570
39572
39575
39576
39577
39583
39584
39591
39592
39596
39597
39598
39599
39606
39607
39608
39609
39612
39614
39618
39619
39620
39621
39622
39623
39624
39626
39629
39631
39638
39641
39648
39651
39652
39653
39655
39656
39659
39661
39662
39664
39665
39670
39673
39680
39681
39682
39683
39684
39687
39689
39690
39691
39692
39693
39694
39696
39697
39698
39700
39702
39707
39708
39711
39712
39713
39714
39718
39720
39722
39724
39725
39728
39733
39734
39737
39739
39743
39744
39751
39752
39754
39755
39756
39758
39764
39767
39768
39769
39770
39771
39774
39775
39776
39777
39778
39781
39782
39786
39787
39789
39792
39793
39799
39802
39804
39811
39812
39818
39821
39828
39832
39833
39843
39844
39846
39847
39849
39850
39852
39853
39857
39858
39860
39862
39863
39871
39874
39875
39876
39877
39878
39884
39885
39887
39893
39898
39902
39903
39907
39910
39913
39914
39915
39916
39918
39920
39921
39922
39924
39926
39928
39932
39935
39937
39938
39939
39941
39943
39945
39946
39949
39951
39952
39955
39956
39958
39959
39960
39965
39970
39972
39975
39977
39978
39983
39984
39985
39988
39996
39997
40000
40003
40006
40008
40010
40013
40017
40021
40022
40025
40032
40035
40038
40039
40043
40048
40051
40052
40053
40056
40058
40060
40061
40063
40064
40067
40069
40071
40074
40075
40082
40090
40094
40095
40096
40098
40100
40101
40103
40107
40109
40113
40120
40123
40124
40126
40129
40130
40132
40135
40139
40141
40142
40143
40147
40150
40151
40157
40158
40160
40161
40165
40166
40167
40172
40173
40175
40179
40181
40187
40191
40196
40197
40199
40203
40206
40207
40210
40211
40213
40214
40215
40218
40222
40227
40229
40231
40232
40233
40234
40235
40236
40244
40245
40246
40247
40248
40250
40252
40254
40255
40258
40261
40263
40267
40268
40274
40276
40278
40280
40281
40282
40283
40284
40285
40287
40290
40292
40294
40295
40296
40302
40306
40307
40309
40310
40311
40313
40315
40320
40324
40325
40329
40331
40333
40336
40338
40342
40343
40344
40347
40349
40350
40355
40357
40361
40362
40363
40364
40366
40373
40374
40375
40376
40377
40378
40380
40381
40382
40385
40387
40389
40392
40393
40394
40395
40396
40397
40398
40399
40407
40408
40410
40411
40414
40415
40417
40424
40425
40426
40428
40431
40432
40434
40435
40436
40438
40439
40440
40443
40444
40449
40455
40457
40458
40461
40463
40465
40466
40471
40474
40475
40488
40492
40496
40499
40501
40502
40503
40504
40506
40509
40517
40531
40532
40534
40535
40543
40544
40545
40548
40550
40551
40554
40556
40561
40562
40566
40567
40572
40573
40576
40577
40580
40582
40583
40585
40587
40594
40597
40598
40599
40600
40605
40608
40619
40620
40621
40622
40629
40632
40633
40635
40636
40639
40640
40648
40649
40652
40654
40655
40656
40657
40659
40660
40664
40665
40667
40668
40673
40675
40676
40680
40681
40682
40685
40686
40687
40690
40692
40693
40696
40698
40699
40705
40707
40710
40711
40712
40713
40714
40716
40718
40721
40724
40726
40727
40731
40732
40733
40736
40737
40741
40743
40744
40745
40746
40747
40749
40751
40753
40759
40761
40762
40765
40767
40771
40773
40775
40776
40779
40783
40784
40786
40791
40793
40797
40798
40805
40808
40812
40814
40815
40817
40822
40826
40827
40828
40831
40835
40843
40848
40851
40852
40853
40854
40856
40858
40859
40864
40865
40866
40867
40871
40872
40878
40879
40884
40886
40888
40889
40890
40891
40892
40893
40895
40896
40900
40902
40904
40907
40908
40909
40911
40913
40915
40919
40920
40921
40924
40928
40932
40933
40936
40941
40943
40946
40947
40949
40950
40952
40955
40962
40963
40965
40971
40972
40976
40984
40990
40996
40997
40999
41001
41004
41008
41011
41012
41015
41019
41020
41021
41025
41026
41028
41032
41034
41037
41038
41039
41040
41041
41044
41050
41052
41054
41055
41057
41058
41060
41062
41064
41067
41075
41077
41078
41079
41082
41084
41085
41086
41092
41095
41098
41099
41101
41106
41110
41111
41112
41117
41118
41119
41122
41124
41126
41130
41132
41134
41135
41136
41137
41148
41149
41150
41158
41159
41164
41165
41169
41172
41173
41178
41180
41182
41183
41184
41199
41201
41204
41210
41213
41215
41217
41220
41224
41226
41227
41228
41229
41231
41236
41238
41242
41243
41244
41247
41248
41250
41254
41255
41257
41258
41260
41261
41262
41263
41265
41268
41269
41271
41272
41273
41280
41281
41285
41291
41294
41295
41299
41302
41303
41304
41305
41306
41307
41312
41313
41316
41317
41319
41320
41321
41322
41325
41329
41330
41332
41333
41334
41336
41337
41338
41339
41343
41344
41345
41347
41353
41355
41356
41357
41360
41365
41366
41368
41369
41372
41374
41376
41379
41381
41383
41386
41390
41391
41393
41395
41397
41398
41400
41401
41404
41407
41408
41412
41413
41414
41417
41418
41423
41424
41426
41427
41430
41435
41441
41446
41449
41451
41460
41461
41464
41467
41472
41474
41475
41479
41480
41481
41482
41486
41488
41491
41493
41494
41495
41499
41500
41501
41508
41510
41512
41513
41514
41516
41517
41520
41523
41524
41526
41527
41528
41529
41530
41532
41533
41535
41537
41539
41540
41541
41544
41546
41548
41552
41556
41557
41559
41562
41565
41566
41570
41571
41575
41577
41578
41579
41580
41582
41583
41584
41587
41592
41596
41597
41598
41602
41603
41604
41607
41609
41610
41611
41612
41613
41616
41623
41626
41630
41631
41633
41637
41638
41639
41640
41641
41645
41646
41653
41655
41656
41657
41659
41661
41666
41667
41670
41671
41672
41673
41675
41676
41677
41678
41685
41688
41689
41690
41691
41693
41699
41700
41703
41705
41706
41709
41714
41720
41721
41727
41730
41733
41734
41735
41738
41739
41740
41741
41742
41743
41744
41746
41749
41752
41756
41758
41760
41763
41767
41771
41772
41774
41776
41778
41779
41781
41784
41786
41787
41788
41792
41793
41796
41799
41804
41806
41809
41812
41814
41816
41819
41824
41828
41830
41831
41833
41834
41835
41838
41846
41847
41850
41851
41853
41857
41858
41859
41864
41867
41869
41871
41872
41873
41875
41877
41879
41880
41886
41892
41896
41898
41905
41907
41909
41914
41916
41917
41920
41921
41926
41933
41935
41936
41938
41939
41940
41941
41942
41944
41947
41949
41952
41957
41958
41959
41961
41964
41966
41968
41969
41970
41971
41972
41974
41981
41984
41988
41989
41992
41995
41998
41999
42000
42001
42004
42005
42007
42010
42013
42015
42016
42024
42030
42031
42040
42041
42043
42044
42046
42047
42053
42054
42055
42056
42058
42059
42060
42061
42064
42067
42070
42074
42075
42076
42077
42079
42084
42085
42087
42094
42099
42101
42102
42103
42105
42113
42115
42116
42118
42119
42120
42123
42124
42125
42127
42129
42131
42136
42143
42146
42149
42150
42151
42154
42159
42162
42163
42165
42166
42171
42172
42175
42180
42182
42183
42186
42188
42192
42206
42207
42208
42209
42212
42213
42215
42219
42220
42229
42230
42231
42232
42234
42239
42241
42243
42245
42247
42253
42254
42255
42257
42258
42267
42270
42271
42274
42276
42277
42280
42281
42284
42286
42290
42291
42293
42295
42296
42297
42299
42300
42301
42302
42305
42306
42308
42311
42321
42325
42329
42330
42332
42334
42335
42337
42339
42343
42347
42350
42351
42352
42354
42355
42356
42358
42362
42364
42368
42371
42374
42375
42377
42380
42381
42384
42385
42387
42389
42390
42391
42393
42395
42398
42402
42405
42407
42409
42410
42411
42412
42414
42416
42422
42426
42427
42435
42437
42440
42444
42445
42450
42458
42459
42463
42469
42473
42474
42478
42479
42481
42486
42487
42488
42489
42491
42495
42498
42500
42501
42506
42511
42512
42515
42519
42523
42525
42527
42528
42531
42544
42552
42554
42555
42557
42559
42561
42562
42563
42565
42567
42570
42571
42572
42573
42574
42576
42581
42582
42583
42585
42587
42594
42597
42599
42602
42604
42605
42608
42610
42611
42613
42614
42616
42617
42618
42625
42626
42627
42630
42632
42633
42634
42635
42639
42640
42641
42646
42648
42650
42652
42656
42657
42659
42663
42664
42665
42666
42668
42669
42670
42675
42677
42679
42683
42684
42685
42686
42688
42690
42691
42693
42694
42698
42699
42700
42703
42706
42708
42709
42710
42712
42714
42715
42716
42718
42719
42729
42730
42732
42736
42737
42738
42739
42740
42741
42742
42743
42746
42754
42757
42763
42770
42772
42773
42774
42782
42794
42796
42800
42806
42811
42812
42813
42816
42817
42825
42827
42828
42829
42831
42836
42839
42843
42844
42845
42846
42848
42849
42852
42856
42857
42859
42862
42864
42865
42871
42876
42878
42889
42896
42903
42907
42908
42911
42912
42914
42921
42923
42924
42925
42926
42933
42935
42936
42937
42943
42944
42950
42951
42953
42955
42956
42957
42958
42960
42963
42966
42967
42969
42970
42971
42976
42981
42982
42988
42989
42990
42992
42993
42994
42995
42997
43003
43004
43007
43009
43017
43021
43024
43026
43028
43029
43031
43033
43034
43035
43036
43037
43039
43044
43048
43056
43058
43060
43063
43066
43067
43068
43069
43072
43073
43075
43077
43079
43080
43084
43091
43095
43097
43101
43102
43103
43104
43106
43108
43109
43110
43113
43115
43122
43125
43128
43131
43135
43138
43143
43144
43145
43149
43150
43151
43163
43164
43168
43169
43172
43173
43178
43181
43184
43188
43190
43191
43193
43195
43199
43202
43203
43205
43209
43210
43213
43220
43223
43225
43226
43227
43231
43235
43241
43243
43245
43246
43249
43250
43253
43255
43256
43257
43259
43260
43262
43264
43267
43275
43276
43279
43280
43281
43286
43287
43289
43293
43294
43297
43298
43300
43302
43304
43307
43310
43311
43313
43318
43319
43320
43322
43323
43325
43326
43327
43332
43333
43336
43341
43344
43347
43348
43352
43353
43354
43357
43359
43360
43364
43365
43368
43369
43371
43372
43373
43375
43377
43378
43379
43384
43385
43386
43387
43389
43390
43393
43396
43397
43398
43402
43403
43404
43407
43409
43411
43413
43414
43419
43420
43421
43426
43427
43431
43438
43439
43440
43445
43447
43453
43454
43456
43458
43463
43465
43466
43467
43476
43477
43480
43481
43488
43489
43493
43494
43496
43502
43504
43505
43506
43510
43514
43515
43519
43520
43521
43522
43525
43526
43529
43530
43532
43533
43534
43535
43536
43538
43539
43540
43543
43544
43545
43546
43552
43553
43554
43555
43557
43558
43561
43562
43570
43574
43577
43578
43580
43582
43583
43585
43587
43589
43591
43592
43594
43599
43600
43601
43604
43605
43606
43607
43611
43612
43616
43620
43623
43624
43627
43630
43632
43635
43636
43637
43645
43647
43648
43650
43654
43663
43667
43672
43686
43688
43689
43692
43694
43698
43700
43702
43704
43707
43710
43714
43715
43718
43719
43724
43725
43726
43727
43729
43730
43736
43741
43742
43748
43752
43753
43754
43756
43757
43760
43765
43769
43771
43773
43775
43782
43785
43789
43790
43792
43800
43801
43802
43806
43807
43809
43812
43819
43820
43822
43825
43828
43831
43836
43837
43844
43845
43849
43850
43855
43856
43861
43862
43865
43866
43867
43869
43871
43872
43877
43878
43879
43880
43881
43882
43884
43885
43888
43889
43890
43892
43898
43901
43905
43922
43925
43927
43929
43932
43934
43938
43939
43948
43954
43956
43957
43958
43964
43965
43968
43969
43970
43971
43976
43977
43978
43983
43984
43985
43991
43992
43998
43999
44002
44010
44014
44015
44016
44017
44019
44021
44022
44024
44027
44031
44032
44033
44036
44037
44038
44039
44040
44041
44042
44044
44045
44046
44049
44053
44054
44056
44059
44065
44067
44069
44071
44073
44074
44075
44077
44085
44088
44090
44091
44094
44096
44099
44106
44108
44110
44113
44115
44116
44117
44119
44120
44122
44123
44125
44126
44129
44130
44132
44134
44139
44140
44141
44144
44147
44149
44150
44152
44153
44154
44155
44158
44160
44161
44164
44172
44173
44174
44175
44176
44181
44182
44184
44185
44186
44192
44194
44195
44197
44202
44207
44208
44214
44215
44216
44227
44228
44229
44237
44244
44249
44250
44251
44253
44254
44258
44259
44261
44263
44267
44269
44271
44272
44273
44274
44275
44278
44279
44280
44282
44288
44289
44291
44293
44294
44295
44296
44297
44300
44301
44308
44309
44310
44313
44315
44317
44320
44323
44325
44326
44327
44331
44335
44338
44343
44345
44351
44352
44356
44359
44360
44361
44363
44368
44370
44371
44374
44376
44377
44378
44384
44389
44390
44391
44394
44396
44397
44398
44399
44400
44406
44407
44410
44411
44413
44416
44419
44422
44423
44425
44426
44431
44433
44435
44436
44441
44442
44445
44450
44452
44455
44456
44457
44459
44472
44477
44483
44491
44493
44494
44496
44503
44504
44506
44507
44511
44514
44515
44521
44527
44528
44529
44530
44532
44533
44534
44537
44539
44542
44546
44553
44555
44557
44564
44567
44571
44573
44575
44576
44579
44583
44587
44590
44592
44593
44594
44596
44598
44599
44600
44601
44602
44603
44604
44605
44610
44611
44612
44614
44618
44619
44620
44621
44622
44624
44627
44630
44631
44633
44635
44637
44639
44642
44644
44652
44657
44659
44661
44662
44663
44665
44667
44669
44670
44671
44675
44677
44678
44682
44683
44684
44685
44687
44688
44689
44690
44692
44694
44697
44701
44704
44708
44710
44711
44715
44723
44726
44733
44735
44736
44737
44739
44741
44742
44746
44749
44751
44755
44757
44759
44760
44761
44762
44763
44764
44765
44768
44772
44774
44775
44782
44783
44784
44785
44786
44788
44793
44796
44797
44807
44809
44815
44820
44821
44823
44826
44828
44830
44831
44834
44835
44836
44841
44842
44844
44848
44849
44853
44857
44861
44868
44879
44880
44881
44884
44887
44889
44892
44897
44901
44902
44903
44904
44905
44906
44908
44909
44910
44916
44917
44919
44922
44924
44925
44926
44927
44928
44939
44941
44942
44943
44945
44946
44951
44961
44964
44967
44968
44970
44972
44973
44975
44989
44991
44993
44994
44995
44996
44998
45002
45007
45014
45020
45023
45025
45029
45032
45033
45034
45038
45040
45041
45044
45046
45054
45060
45062
45065
45070
45074
45076
45077
45080
45081
45084
45086
45089
45091
45094
45101
45103
45104
45105
45106
45108
45109
45110
45115
45118
45119
45120
45121
45124
45126
45130
45136
45140
45141
45144
45149
45150
45153
45154
45157
45158
45159
45162
45165
45171
45173
45179
45180
45183
45184
45187
45188
45192
45195
45201
45202
45204
45207
45214
45223
45224
45227
45231
45232
45234
45235
45236
45238
45240
45242
45247
45251
45252
45255
45257
45258
45259
45260
45261
45263
45268
45269
45273
45276
45279
45281
45283
45284
45290
45294
45296
45297
45298
45299
45302
45303
45304
45306
45307
45310
45312
45313
45315
45316
45323
45324
45325
45326
45331
45338
45341
45344
45351
45352
45354
45361
45362
45365
45366
45370
45372
45375
45379
45382
45383
45384
45389
45390
45391
45394
45396
45397
45399
45401
45402
45403
45405
45407
45413
45414
45415
45418
45426
45427
45430
45436
45437
45440
45443
45447
45449
45455
45456
45463
45466
45467
45470
45471
45472
45477
45478
45483
45484
45485
45486
45489
45490
45492
45493
45494
45500
45501
45505
45506
45507
45508
45509
45513
45514
45517
45518
45521
45522
45525
45526
45527
45528
45531
45532
45537
45540
45541
45545
45548
45553
45559
45561
45563
45565
45566
45568
45575
45577
45578
45581
45582
45587
45589
45592
45593
45595
45598
45602
45604
45606
45608
45610
45611
45612
45614
45615
45618
45623
45627
45629
45632
45633
45635
45637
45638
45642
45650
45654
45655
45663
45666
45671
45675
45679
45680
45681
45684
45685
45687
45693
45695
45698
45702
45703
45705
45711
45719
45720
45721
45724
45726
45727
45730
45734
45741
45746
45747
45749
45754
45756
45758
45759
45765
45767
45768
45769
45770
45772
45776
45782
45784
45789
45790
45792
45793
45798
45802
45806
45809
45811
45813
45816
45819
45820
45822
45826
45832
45834
45838
45839
45849
45852
45856
45858
45862
45868
45871
45874
45879
45883
45884
45886
45890
45894
45899
45904
45909
45912
45913
45915
45916
45917
45920
45925
45927
45929
45931
45936
45937
45938
45939
45940
45941
45945
45946
45947
45949
45951
45953
45954
45955
45956
45959
45961
45963
45964
45965
45966
45967
45968
45971
45972
45975
45976
45978
45979
45983
45987
45988
45990
45992
45994
45995
45999
46000
46004
46005
46007
46009
46010
46025
46029
46036
46037
46038
46042
46047
46048
46049
46054
46057
46062
46063
46069
46070
46073
46075
46076
46077
46078
46080
46089
46090
46093
46097
46098
46101
46103
46104
46105
46107
46111
46112
46113
46116
46121
46122
46126
46132
46133
46136
46142
46144
46147
46154
46156
46157
46164
46165
46171
46173
46175
46178
46181
46185
46188
46189
46190
46193
46194
46198
46200
46201
46204
46205
46207
46212
46216
46221
46223
46225
46226
46227
46230
46231
46232
46235
46236
46243
46244
46248
46254
46258
46260
46263
46264
46265
46266
46268
46269
46272
46275
46276
46282
46287
46292
46296
46298
46300
46301
46302
46305
46307
46308
46310
46312
46317
46318
46319
46327
46330
46331
46333
46336
46340
46341
46343
46344
46353
46355
46356
46358
46359
46361
46365
46370
46372
46373
46374
46376
46378
46382
46384
46389
46391
46392
46397
46401
46402
46403
46405
46408
46409
46411
46412
46419
46421
46422
46424
46425
46430
46431
46433
46434
46435
46437
46438
46441
46450
46452
46454
46455
46456
46457
46461
46462
46463
46466
46468
46469
46470
46471
46472
46473
46474
46479
46482
46483
46485
46487
46499
46500
46504
46506
46509
46510
46516
46517
46519
46525
46528
46529
46534
46535
46537
46538
46540
46541
46542
46544
46549
46555
46560
46563
46565
46566
46567
46571
46578
46579
46586
46587
46596
46597
46598
46602
46604
46605
46607
46613
46618
46620
46621
46624
46629
46630
46633
46634
46636
46637
46640
46641
46643
46648
46651
46653
46655
46657
46658
46659
46663
46672
46674
46675
46676
46680
46681
46686
46687
46691
46698
46699
46700
46703
46705
46707
46709
46713
46716
46717
46719
46721
46723
46724
46726
46727
46728
46729
46730
46731
46743
46745
46749
46752
46753
46757
46759
46761
46763
46767
46770
46776
46779
46780
46781
46789
46792
46793
46796
46799
46800
46805
46806
46807
46812
46814
46818
46822
46825
46828
46833
46835
46837
46839
46840
46849
46850
46852
46859
46861
46862
46865
46866
46867
46870
46873
46876
46878
46884
46886
46890
46892
46893
46895
46897
46898
46902
46911
46914
46917
46918
46920
46921
46929
46930
46932
46933
46934
46935
46939
46942
46943
46944
46945
46947
46950
46952
46953
46959
46961
46964
46967
46975
46976
46978
46979
46981
46982
46984
46985
46986
46987
47003
47004
47005
47006
47010
47015
47016
47019
47020
47023
47024
47025
47029
47033
47036
47044
47048
47053
47054
47057
47059
47060
47061
47066
47072
47074
47075
47079
47084
47086
47088
47089
47094
47097
47098
47100
47101
47102
47105
47110
47111
47114
47117
47119
47120
47124
47129
47130
47132
47137
47139
47141
47142
47143
47146
47147
47151
47156
47157
47158
47161
47163
47164
47167
47168
47170
47172
47177
47178
47180
47181
47182
47186
47187
47191
47193
47198
47201
47205
47209
47210
47211
47212
47213
47219
47223
47224
47227
47229
47230
47231
47236
47237
47238
47239
47243
47249
47252
47260
47263
47264
47270
47271
47275
47277
47278
47279
47280
47281
47282
47286
47287
47292
47296
47300
47305
47306
47307
47308
47311
47314
47317
47318
47320
47322
47325
47332
47333
47336
47340
47343
47344
47346
47347
47350
47351
47353
47358
47359
47364
47368
47372
47376
47378
47383
47386
47388
47390
47391
47393
47394
47395
47398
47405
47407
47409
47411
47414
47416
47418
47421
47426
47429
47436
47439
47440
47442
47446
47447
47448
47451
47455
47457
47459
47461
47465
47466
47470
47473
47474
47475
47476
47478
47479
47480
47481
47485
47486
47487
47491
47492
47498
47499
47500
47502
47506
47507
47508
47509
47510
47511
47512
47514
47517
47519
47520
47521
47523
47525
47526
47527
47529
47531
47534
47535
47536
47538
47543
47550
47554
47556
47559
47561
47564
47567
47568
47569
47579
47582
47583
47584
47589
47593
47594
47598
47613
47614
47615
47616
47617
47618
47627
47630
47631
47632
47633
47634
47636
47638
47639
47640
47645
47646
47647
47648
47649
47651
47653
47656
47657
47665
47667
47669
47671
47672
47679
47680
47683
47687
47693
47694
47695
47698
47699
47700
47705
47708
47715
47717
47718
47721
47723
47727
47742
47745
47746
47748
47752
47756
47757
47758
47760
47763
47764
47765
47767
47771
47773
47774
47775
47777
47779
47780
47783
47784
47789
47794
47796
47797
47798
47800
47803
47806
47808
47812
47814
47818
47821
47822
47823
47826
47830
47833
47839
47843
47844
47845
47846
47850
47859
47866
47867
47869
47876
47877
47879
47880
47881
47882
47884
47886
47889
47895
47900
47901
47905
47906
47907
47909
47910
47912
47915
47916
47919
47923
47924
47925
47926
47931
47935
47937
47940
47945
47946
47948
47950
47953
47955
47956
47962
47963
47964
47965
47969
47970
47978
47981
47984
47989
47990
47991
47993
47996
48001
48003
48007
48009
48019
48022
48028
48031
48033
48036
48037
48038
48041
48043
48044
48045
48046
48047
48049
48051
48054
48060
48062
48064
48065
48067
48069
48072
48076
48077
48078
48079
48082
48085
48087
48093
48095
48097
48102
48110
48113
48115
48116
48118
48119
48122
48125
48126
48127
48128
48129
48130
48132
48136
48139
48141
48142
48143
48144
48146
48147
48154
48155
48158
48159
48160
48162
48163
48174
48179
48181
48182
48187
48188
48189
48191
48192
48193
48195
48196
48198
48203
48205
48206
48207
48208
48212
48214
48216
48218
48221
48225
48226
48227
48228
48229
48231
48234
48236
48239
48241
48243
48245
48246
48247
48248
48250
48253
48254
48257
48259
48262
48265
48268
48270
48271
48277
48280
48287
48289
48292
48294
48297
48298
48300
48302
48306
48308
48310
48311
48313
48315
48323
48324
48325
48327
48328
48329
48331
48332
48333
48334
48337
48339
48340
48345
48346
48348
48349
48350
48358
48359
48361
48362
48365
48367
48368
48370
48372
48373
48374
48377
48379
48382
48384
48387
48395
48397
48398
48399
48404
48406
48409
48414
48421
48426
48428
48435
48436
48437
48439
48446
48449
48450
48459
48460
48466
48467
48476
48477
48478
48480
48481
48487
48488
48492
48497
48500
48506
48509
48511
48515
48517
48519
48521
48524
48526
48527
48532
48539
48552
48553
48554
48555
48558
48559
48560
48565
48566
48571
48572
48574
48576
48577
48584
48595
48599
48600
48601
48602
48609
48611
48613
48618
48622
48629
48631
48632
48633
48634
48637
48638
48639
48640
48645
48646
48647
48649
48650
48660
48663
48668
48670
48671
48672
48675
48678
48680
48683
48688
48690
48691
48693
48697
48698
48706
48708
48710
48713
48714
48715
48720
48722
48724
48726
48727
48728
48730
48731
48732
48733
48735
48740
48742
48745
48747
48751
48753
48755
48756
48760
48761
48769
48771
48772
48773
48775
48776
48777
48778
48782
48787
48788
48790
48791
48792
48793
48794
48796
48797
48799
48800
48801
48802
48807
48809
48810
48812
48813
48815
48817
48819
48821
48824
48826
48828
48830
48835
48838
48841
48842
48849
48850
48852
48860
48863
48866
48870
48873
48876
48879
48882
48886
48892
48894
48895
48896
48898
48899
48900
48902
48903
48905
48906
48911
48912
48919
48923
48925
48927
48928
48932
48935
48936
48945
48948
48950
48957
48958
48960
48962
48965
48966
48968
48969
48973
48974
48984
48986
48991
48994
48998
48999
49003
49009
49014
49017
49020
49022
49029
49030
49031
49032
49033
49036
49039
49042
49043
49045
49053
49054
49057
49063
49065
49067
49072
49074
49079
49083
49087
49089
49091
49094
49095
49096
49099
49104
49105
49107
49109
49110
49111
49114
49115
49116
49119
49121
49123
49124
49125
49131
49132
49138
49143
49144
49148
49149
49150
49155
49158
49160
49161
49164
49165
49169
49174
49175
49176
49178
49181
49185
49187
49190
49192
49193
49198
49199
49205
49207
49209
49211
49212
49213
49223
49224
49227
49230
49231
49232
49233
49238
49241
49242
49246
49247
49250
49254
49255
49256
49257
49258
49261
49266
49267
49268
49269
49272
49274
49285
49287
49288
49292
49293
49294
49297
49300
49304
49305
49308
49309
49310
49314
49316
49318
49319
49321
49322
49324
49329
49331
49333
49337
49340
49341
49342
49343
49345
49348
49350
49351
49352
49356
49361
49367
49368
49370
49372
49374
49377
49378
49380
49381
49385
49388
49395
49396
49397
49398
49403
49405
49407
49410
49411
49412
49413
49414
49418
49419
49424
49425
49426
49428
49431
49432
49435
49436
49442
49444
49446
49454
49458
49459
49461
49463
49469
49471
49477
49479
49483
49486
49489
49490
49491
49492
49493
49494
49498
49499
49500
49503
49505
49507
49510
49512
49515
49517
49519
49520
49521
49522
49524
49525
49528
49534
49541
49543
49549
49552
49558
49559
49576
49578
49579
49580
49581
49589
49591
49594
49595
49596
49598
49603
49610
49616
49617
49625
49628
49630
49632
49633
49634
49639
49640
49644
49645
49646
49648
49649
49654
49657
49658
49662
49666
49674
49675
49681
49683
49684
49686
49687
49689
49690
49691
49692
49695
49697
49698
49705
49707
49711
49714
49717
49718
49719
49720
49721
49722
49728
49729
49732
49742
49744
49748
49750
49753
49757
49758
49759
49760
49765
49766
49767
49769
49771
49772
49774
49782
49785
49788
49790
49791
49793
49795
49798
49799
49801
49802
49811
49812
49814
49818
49821
49834
49839
49841
49846
49848
49850
49851
49852
49854
49863
49865
49867
49868
49871
49874
49875
49877
49879
49883
49884
49887
49889
49890
49893
49895
49903
49910
49915
49918
49919
49921
49922
49923
49925
49926
49927
49929
49930
49933
49934
49935
49939
49940
49942
49944
49947
49950
49957
49960
49964
49966
49970
49972
49977
49980
49984
49986
49992
49995
49999
50000
50003
50008
50009
50017
50023
50025
50026
50027
50028
50029
50031
50033
50034
50047
50052
50053
50056
50058
50061
50062
50069
50071
50072
50073
50080
50082
50085
50088
50092
50094
50096
50098
50099
50100
50104
50109
50113
50114
50116
50117
50126
50128
50134
50138
50142
50143
50144
50149
50156
50158
50159
50163
50165
50167
50171
50172
50173
50175
50176
50177
50183
50190
50192
50194
50198
50200
50211
50217
50219
50223
50224
50230
50232
50239
50241
50242
50247
50248
50250
50251
50252
50253
50255
50256
50262
50263
50267
50269
50271
50272
50276
50277
50278
50288
50289
50290
50291
50302
50309
50310
50311
50312
50315
50319
50320
50324
50327
50328
50331
50334
50336
50341
50348
50349
50352
50354
50355
50356
50357
50359
50361
50365
50371
50372
50373
50384
50385
50388
50391
50396
50397
50399
50401
50402
50403
50407
50410
50411
50415
50419
50420
50427
50432
50434
50437
50438
50442
50447
50449
50454
50458
50462
50463
50465
50467
50469
50471
50473
50477
50486
50487
50489
50490
50495
50496
50505
50507
50508
50510
50512
50514
50518
50520
50523
50524
50528
50529
50532
50533
50543
50545
50547
50549
50550
50551
50556
50561
50565
50566
50578
50579
50584
50589
50591
50595
50596
50598
50601
50602
50603
50607
50608
50612
50617
50619
50621
50624
50628
50629
50635
50636
50637
50639
50644
50648
50649
50650
50651
50654
50657
50658
50662
50664
50665
50666
50667
50673
50674
50678
50679
50680
50682
50683
50684
50687
50689
50693
50694
50696
50700
50701
50702
50706
50707
50708
50710
50711
50712
50719
50725
50727
50728
50730
50733
50734
50735
50738
50741
50742
50744
50750
50751
50755
50757
50758
50759
50760
50763
50764
50765
50769
50773
50774
50776
50781
50782
50786
50790
50793
50795
50796
50797
50804
50807
50808
50811
50813
50814
50817
50820
50822
50823
50824
50825
50831
50837
50840
50842
50844
50850
50851
50855
50856
50860
50866
50868
50873
50878
50879
50880
50883
50884
50885
50889
50890
50891
50892
50895
50896
50910
50912
50915
50918
50923
50925
50928
50931
50932
50933
50934
50935
50937
50940
50946
50947
50948
50952
50953
50958
50966
50967
50968
50975
50979
50982
50983
50985
50987
50988
50989
50992
50993
50996
50998
51002
51008
51011
51012
51018
51019
51021
51025
51027
51034
51035
51037
51039
51040
51041
51044
51045
51046
51047
51048
51049
51050
51051
51054
51057
51063
51065
51066
51068
51070
51074
51076
51078
51079
51081
51085
51086
51090
51091
51092
51093
51094
51095
51096
51102
51104
51105
51106
51109
51112
51114
51115
51120
51123
51126
51127
51130
51138
51139
51140
51146
51147
51151
51154
51157
51158
51159
51160
51166
51167
51171
51175
51176
51177
51179
51180
51181
51182
51186
51187
51188
51189
51190
51192
51193
51194
51197
51199
51200
51203
51206
51207
51208
51209
51220
51226
51227
51228
51229
51234
51236
51237
51238
51251
51253
51254
51255
51262
51267
51268
51270
51271
51275
51277
51282
51286
51288
51290
51291
51292
51300
51301
51305
51306
51310
51312
51313
51315
51316
51325
51327
51330
51332
51334
51339
51341
51342
51343
51347
51349
51350
51351
51352
51359
51362
51373
51374
51378
51379
51381
51382
51383
51385
51386
51389
51393
51398
51403
51408
51411
51414
51418
51419
51421
51423
51426
51429
51430
51435
51436
51437
51438
51441
51443
51444
51446
51448
51450
51451
51457
51467
51468
51470
51473
51474
51475
51477
51479
51480
51481
51483
51486
51488
51489
51502
51503
51506
51511
51517
51518
51521
51527
51530
51531
51536
51542
51546
51549
51553
51559
51561
51567
51568
51569
51570
51571
51573
51576
51577
51578
51579
51580
51583
51585
51586
51587
51589
51590
51594
51595
51600
51605
51607
51609
51610
51615
51618
51619
51620
51621
51622
51625
51629
51641
51642
51643
51648
51649
51654
51659
51663
51664
51665
51667
51668
51671
51677
51681
51682
51689
51690
51694
51695
51699
51700
51701
51702
51703
51706
51708
51709
51710
51711
51716
51717
51720
51721
51722
51723
51727
51729
51730
51733
51737
51741
51742
51743
51744
51753
51758
51759
51760
51761
51762
51766
51769
51772
51773
51776
51777
51778
51779
51780
51781
51789
51790
51792
51794
51797
51800
51801
51802
51803
51804
51806
51807
51810
51813
51814
51825
51828
51829
51830
51833
51834
51835
51837
51841
51845
51852
51855
51857
51862
51864
51865
51866
51867
51877
51880
51882
51883
51889
51891
51901
51905
51906
51907
51909
51911
51912
51913
51915
51919
51921
51922
51923
51924
51927
51930
51935
51937
51939
51943
51948
51950
51954
51958
51960
51963
51964
51965
51967
51974
51975
51976
51978
51979
51987
51989
51994
51996
51997
52000
52006
52007
52008
52009
52012
52015
52016
52019
52020
52029
52030
52034
52038
52040
52042
52047
52048
52050
52052
52057
52062
52063
52066
52069
52071
52074
52076
52079
52080
52087
52092
52100
52102
52104
52105
52106
52110
52111
52120
52123
52132
52135
52141
52143
52144
52146
52147
52149
52150
52158
52162
52164
52165
52169
52170
52173
52175
52176
52179
52180
52186
52188
52189
52190
52197
52198
52200
52201
52203
52204
52205
52206
52208
52209
52210
52211
52214
52216
52219
52228
52229
52232
52233
52235
52243
52244
52245
52246
52249
52254
52255
52257
52258
52262
52265
52270
52275
52278
52280
52281
52282
52284
52285
52288
52290
52294
52296
52298
52301
52307
52312
52313
52317
52319
52320
52322
52328
52332
52334
52336
52337
52339
52343
52347
52350
52352
52355
52359
52361
52362
52363
52365
52367
52370
52371
52372
52375
52384
52389
52401
52406
52408
52411
52412
52413
52414
52416
52420
52424
52426
52428
52432
52439
52446
52447
52449
52451
52453
52456
52460
52461
52466
52468
52469
52476
52478
52479
52480
52481
52487
52500
52502
52504
52506
52507
52508
52509
52510
52512
52514
52519
52528
52532
52533
52535
52536
52539
52542
52545
52546
52552
52555
52558
52562
52564
52571
52573
52576
52579
52583
52585
52589
52591
52592
52595
52596
52603
52604
52607
52608
52609
52610
52611
52614
52620
52621
52623
52625
52628
52629
52631
52633
52636
52642
52647
52649
52653
52656
52659
52660
52663
52664
52666
52669
52671
52672
52676
52680
52683
52686
52687
52694
52695
52696
52699
52700
52707
52710
52711
52713
52718
52724
52726
52730
52731
52732
52735
52736
52742
52743
52745
52747
52749
52751
52752
52753
52754
52759
52762
52763
52773
52775
52778
52779
52783
52790
52792
52793
52796
52797
52799
52800
52801
52802
52806
52808
52810
52811
52812
52816
52818
52819
52820
52823
52824
52825
52826
52828
52829
52832
52840
52842
52843
52847
52848
52851
52852
52853
52856
52857
52866
52868
52871
52873
52875
52877
52880
52881
52884
52885
52890
52891
52892
52894
52895
52896
52900
52904
52908
52913
52914
52915
52916
52919
52920
52921
52926
52928
52931
52932
52937
52948
52949
52950
52952
52954
52958
52962
52963
52967
52968
52969
52970
52972
52976
52977
52988
52989
52990
52991
52995
52999
53001
53003
53004
53005
53007
53009
53016
53017
53018
53021
53023
53025
53026
53029
53031
53032
53033
53041
53045
53048
53049
53050
53052
53053
53056
53059
53060
53061
53063
53065
53070
53071
53073
53075
53077
53079
53080
53082
53084
53085
53086
53087
53090
53094
53095
53096
53099
53100
53106
53107
53112
53114
53116
53117
53119
53120
53121
53124
53127
53131
53133
53135
53136
53138
53140
53143
53148
53149
53151
53154
53156
53157
53158
53160
53163
53164
53170
53172
53173
53180
53185
53187
53188
53193
53196
53199
53201
53204
53205
53208
53209
53210
53211
53221
53223
53228
53237
53239
53241
53242
53243
53246
53247
53248
53250
53251
53260
53263
53265
53266
53267
53269
53274
53276
53277
53279
53280
53282
53284
53285
53287
53290
53291
53293
53296
53298
53301
53303
53305
53312
53317
53319
53320
53321
53325
53327
53330
53332
53342
53343
53347
53350
53351
53354
53355
53356
53360
53368
53373
53374
53375
53379
53380
53382
53385
53392
53394
53399
53402
53403
53406
53408
53410
53412
53414
53420
53424
53428
53431
53436
53437
53443
53444
53447
53451
53454
53455
53456
53458
53459
53460
53470
53472
53474
53475
53477
53480
53482
53486
53487
53488
53495
53496
53497
53498
53508
53510
53511
53515
53527
53528
53529
53531
53533
53535
53539
53542
53544
53550
53553
53557
53558
53563
53564
53567
53568
53571
53574
53576
53577
53578
53579
53586
53587
53590
53597
53598
53599
53600
53602
53606
53609
53610
53614
53622
53623
53627
53631
53633
53635
53641
53643
53644
53646
53648
53651
53654
53655
53656
53659
53678
53687
53693
53700
53701
53716
53718
53719
53720
53721
53723
53724
53725
53728
53730
53731
53733
53734
53736
53738
53744
53745
53749
53751
53754
53756
53757
53761
53771
53777
53779
53781
53782
53787
53790
53793
53795
53802
53807
53815
53816
53818
53820
53823
53824
53828
53829
53830
53831
53832
53835
53836
53838
53840
53843
53851
53853
53855
53862
53864
53865
53871
53872
53874
53875
53879
53881
53884
53885
53890
53895
53902
53905
53906
53907
53908
53910
53912
53916
53919
53925
53927
53928
53929
53930
53932
53934
53936
53938
53940
53941
53943
53946
53948
53950
53952
53953
53956
53958
53959
53961
53962
53965
53969
53973
53982
53985
53986
53987
53988
53989
53993
53997
54001
54002
54005
54007
54013
54014
54023
54025
54028
54029
54030
54035
54037
54038
54039
54041
54042
54043
54044
54046
54048
54049
54050
54051
54052
54055
54057
54060
54061
54066
54067
54071
54074
54079
54082
54086
54092
54093
54099
54100
54106
54107
54112
54113
54114
54116
54118
54120
54123
54125
54126
54129
54131
54132
54134
54135
54136
54137
54138
54140
54143
54148
54149
54152
54156
54159
54165
54169
54174
54175
54180
54182
54188
54191
54194
54197
54198
54199
54202
54206
54210
54211
54214
54217
54218
54220
54221
54226
54227
54232
54233
54234
54237
54244
54248
54249
54252
54255
54258
54260
54262
54264
54265
54271
54272
54273
54274
54277
54280
54282
54283
54287
54289
54290
54292
54294
54296
54297
54298
54299
54302
54303
54310
54313
54315
54324
54325
54328
54329
54330
54332
54333
54338
54341
54342
54343
54348
54350
54354
54359
54362
54366
54368
54370
54371
54372
54381
54382
54385
54387
54388
54389
54393
54397
54398
54399
54402
54403
54404
54406
54408
54410
54412
54413
54416
54419
54421
54424
54426
54430
54436
54437
54440
54443
54447
54449
54455
54457
54459
54462
54464
54467
54471
54476
54478
54479
54483
54484
54485
54487
54502
54507
54511
54513
54517
54521
54522
54524
54532
54537
54539
54541
54542
54544
54546
54547
54554
54556
54559
54560
54562
54563
54565
54570
54571
54575
54577
54578
54580
54582
54583
54585
54586
54588
54591
54593
54600
54602
54603
54607
54611
54621
54622
54623
54627
54628
54632
54634
54637
54642
54651
54654
54657
54658
54661
54667
54671
54672
54676
54678
54679
54685
54688
54689
54690
54695
54696
54697
54702
54706
54708
54709
54710
54716
54717
54719
54728
54729
54733
54735
54739
54740
54742
54744
54745
54749
54755
54759
54763
54770
54771
54772
54773
54774
54776
54778
54780
54781
54783
54784
54787
54791
54793
54797
54801
54804
54805
54811
54813
54814
54815
54818
54820
54823
54825
54826
54829
54832
54833
54836
54837
54839
54841
54842
54843
54844
54846
54847
54848
54853
54854
54856
54860
54863
54864
54867
54870
54871
54872
54875
54878
54881
54882
54887
54888
54889
54894
54895
54897
54901
54905
54909
54910
54912
54919
54927
54929
54930
54931
54934
54937
54940
54941
54942
54943
54947
54948
54949
54952
54954
54955
54967
54968
54969
54972
54974
54978
54981
54983
54986
54989
54992
54993
54994
54996
54999
55001
55012
55018
55020
55021
55023
55024
55027
55028
55030
55033
55034
55035
55038
55040
55041
55045
55047
55049
55053
55054
55056
55057
55063
55064
55068
55069
55071
55076
55078
55083
55084
55085
55087
55095
55097
55102
55106
55107
55113
55119
55120
55121
55123
55124
55126
55138
55140
55141
55144
55147
55149
55153
55154
55157
55158
55159
55160
55167
55172
55176
55178
55184
55186
55188
55190
55191
55202
55204
55206
55211
55219
55221
55224
55225
55226
55236
55237
55243
55245
55246
55248
55255
55262
55264
55265
55266
55267
55269
55279
55281
55285
55289
55290
55293
55294
55306
55307
55309
55311
55312
55314
55315
55321
55323
55325
55327
55328
55332
55333
55336
55337
55338
55346
55350
55352
55353
55354
55358
55359
55360
55363
55367
55369
55374
55378
55380
55383
55384
55386
55387
55389
55397
55400
55405
55407
55408
55414
55418
55419
55420
55422
55426
55427
55428
55431
55432
55433
55434
55435
55441
55444
55447
55449
55457
55458
55462
55467
55472
55474
55480
55483
55485
55487
55489
55491
55500
55505
55507
55515
55520
55523
55525
55529
55530
55536
55543
55548
55549
55552
55553
55556
55561
55565
55567
55568
55576
55578
55580
55581
55582
55584
55585
55586
55590
55592
55598
55602
55603
55606
55611
55616
55622
55625
55626
55627
55628
55630
55634
55635
55642
55644
55645
55646
55647
55648
55649
55650
55651
55652
55655
55656
55658
55659
55662
55663
55668
55672
55680
55682
55683
55689
55691
55692
55697
55698
55700
55702
55705
55707
55708
55710
55711
55712
55716
55722
55732
55733
55734
55738
55739
55742
55755
55758
55760
55762
55763
55764
55765
55769
55771
55775
55776
55778
55780
55786
55789
55795
55797
55798
55799
55806
55808
55811
55817
55818
55819
55822
55827
55829
55830
55834
55835
55838
55839
55842
55844
55847
55849
55851
55853
55857
55859
55860
55862
55863
55866
55867
55870
55872
55873
55875
55876
55877
55879
55882
55883
55884
55885
55888
55889
55890
55895
55897
55903
55905
55906
55907
55910
55915
55916
55923
55925
55930
55931
55933
55938
55940
55941
55943
55944
55951
55953
55955
55960
55971
55975
55982
55984
55987
55996
55998
56003
56009
56010
56011
56016
56022
56023
56027
56029
56030
56031
56032
56033
56035
56037
56040
56041
56043
56044
56045
56052
56058
56062
56064
56066
56067
56074
56081
56082
56084
56086
56088
56091
56092
56093
56095
56096
56098
56100
56102
56104
56113
56114
56115
56116
56119
56121
56132
56134
56147
56148
56150
56157
56161
56162
56165
56166
56167
56168
56169
56177
56179
56184
56185
56187
56189
56197
56198
56199
56202
56205
56209
56211
56213
56218
56220
56225
56227
56229
56237
56239
56242
56244
56249
56250
56252
56254
56258
56266
56268
56270
56272
56282
56285
56292
56293
56294
56299
56301
56302
56303
56309
56311
56319
56322
56326
56329
56332
56336
56338
56339
56344
56345
56351
56355
56356
56357
56365
56367
56370
56372
56379
56382
56383
56384
56392
56395
56397
56398
56400
56402
56403
56406
56409
56411
56413
56414
56418
56421
56424
56425
56427
56431
56433
56436
56438
56443
56444
56448
56450
56452
56454
56455
56456
56457
56459
56465
56466
56471
56473
56475
56477
56479
56484
56486
56492
56493
56497
56502
56504
56506
56508
56513
56516
56520
56521
56522
56523
56524
56533
56535
56538
56540
56541
56544
56548
56553
56557
56559
56560
56561
56562
56566
56569
56578
56584
56586
56588
56590
56592
56593
56594
56598
56601
56603
56604
56605
56606
56608
56610
56611
56612
56613
56621
56622
56625
56627
56632
56637
56641
56645
56649
56650
56669
56671
56675
56677
56681
56686
56687
56691
56692
56696
56701
56703
56705
56707
56708
56709
56710
56712
56715
56717
56718
56719
56722
56726
56729
56730
56733
56737
56738
56742
56744
56745
56746
56750
56754
56760
56767
56768
56779
56783
56784
56788
56789
56791
56797
56799
56803
56804
56805
56806
56807
56808
56809
56810
56819
56824
56825
56826
56827
56829
56831
56836
56837
56842
56844
56847
56848
56849
56850
56854
56866
56867
56869
56876
56879
56881
56882
56883
56888
56889
56891
56892
56894
56898
56899
56900
56904
56905
56906
56909
56912
56914
56917
56919
56922
56924
56927
56931
56933
56937
56938
56940
56943
56948
56949
56950
56951
56954
56957
56958
56961
56963
56966
56972
56974
56975
56976
56977
56981
56983
56984
56985
56986
56987
56991
56993
56994
56998
57001
57002
57004
57007
57010
57012
57015
57025
57026
57027
57030
57036
57040
57044
57045
57051
57055
57057
57059
57062
57079
57080
57083
57084
57085
57088
57092
57093
57094
57096
57098
57104
57105
57109
57113
57121
57122
57127
57130
57131
57138
57139
57140
57141
57142
57148
57151
57156
57157
57160
57164
57166
57168
57169
57172
57175
57185
57187
57193
57196
57200
57203
57208
57210
57213
57217
57219
57222
57223
57224
57225
57229
57230
57233
57239
57240
57243
57244
57245
57251
57255
57256
57258
57262
57263
57264
57265
57269
57272
57275
57276
57277
57281
57283
57290
57291
57292
57294
57295
57297
57301
57303
57309
57310
57312
57314
57315
57318
57322
57324
57325
57328
57331
57333
57337
57338
57340
57341
57350
57351
57354
57357
57361
57362
57366
57372
57375
57378
57379
57387
57391
57393
57395
57396
57397
57401
57402
57403
57407
57408
57411
57412
57415
57421
57424
57429
57431
57432
57441
57444
57445
57447
57450
57454
57459
57463
57468
57469
57470
57473
57476
57480
57481
57484
57485
57488
57494
57496
57500
57503
57509
57510
57512
57516
57525
57530
57531
57533
57536
57537
57541
57542
57547
57548
57553
57554
57555
57559
57560
57561
57562
57563
57564
57565
57566
57569
57571
57572
57573
57578
57583
57584
57590
57591
57595
57596
57597
57598
57601
57603
57604
57607
57608
57611
57617
57619
57621
57622
57630
57632
57633
57634
57640
57645
57651
57652
57653
57654
57657
57658
57662
57665
57667
57677
57678
57682
57688
57689
57692
57694
57697
57700
57702
57703
57704
57705
57710
57715
57721
57725
57732
57734
57736
57737
57739
57744
57745
57749
57750
57751
57756
57760
57764
57767
57769
57770
57771
57773
57774
57776
57777
57778
57781
57783
57784
57786
57790
57791
57792
57793
57795
57801
57804
57807
57811
57812
57813
57815
57816
57818
57824
57829
57834
57835
57836
57837
57838
57841
57842
57846
57847
57855
57859
57867
57870
57873
57875
57878
57881
57883
57884
57887
57889
57896
57901
57902
57906
57909
57911
57915
57916
57917
57918
57919
57920
57922
57930
57934
57935
57941
57943
57946
57955
57956
57957
57958
57963
57969
57970
57972
57976
57981
57985
57986
57992
57994
57996
57997
57998
58001
58003
58008
58011
58014
58016
58019
58024
58025
58026
58030
58043
58047
58048
58049
58051
58052
58055
58059
58060
58063
58068
58070
58071
58079
58081
58084
58087
58089
58096
58103
58104
58105
58107
58109
58114
58118
58119
58120
58123
58126
58127
58128
58131
58132
58134
58135
58137
58140
58145
58150
58153
58155
58156
58158
58160
58161
58167
58168
58169
58175
58180
58186
58187
58191
58193
58195
58197
58199
58203
58205
58208
58219
58223
58226
58233
58237
58238
58239
58241
58242
58245
58246
58249
58254
58258
58261
58262
58268
58271
58273
58274
58276
58279
58280
58281
58287
58288
58290
58293
58298
58299
58300
58301
58307
58311
58315
58324
58325
58329
58330
58332
58334
58335
58336
58343
58351
58352
58353
58356
58359
58367
58371
58374
58376
58378
58380
58383
58391
58394
58404
58407
58410
58412
58415
58416
58418
58428
58430
58435
58436
58437
58441
58442
58444
58445
58448
58449
58450
58452
58454
58460
58471
58472
58474
58479
58483
58484
58491
58493
58497
58498
58511
58517
58518
58522
58528
58531
58532
58533
58537
58538
58546
58551
58552
58553
58555
58559
58560
58564
58565
58567
58568
58569
58580
58583
58584
58590
58596
58605
58608
58609
58612
58613
58615
58616
58617
58620
58621
58622
58623
58624
58625
58633
58635
58636
58641
58643
58648
58662
58665
58674
58675
58677
58689
58693
58695
58697
58700
58701
58706
58707
58713
58714
58718
58720
58721
58726
58729
58731
58735
58739
58740
58758
58762
58769
58770
58782
58787
58788
58791
58802
58804
58808
58809
58810
58811
58812
58816
58820
58821
58823
58826
58828
58832
58836
58839
58840
58841
58843
58846
58849
58852
58855
58861
58862
58865
58870
58880
58881
58882
58883
58884
58891
58892
58901
58902
58904
58908
58911
58912
58913
58917
58924
58926
58927
58929
58930
58931
58934
58936
58937
58938
58939
58940
58947
58961
58964
58969
58971
58973
58976
58979
58981
58983
58984
58987
58991
58993
58997
58999
59006
59007
59009
59012
59016
59017
59025
59026
59030
59042
59043
59046
59047
59051
59052
59053
59054
59060
59061
59063
59064
59069
59070
59081
59082
59083
59084
59086
59087
59089
59090
59092
59093
59094
59095
59096
59097
59100
59102
59110
59112
59113
59115
59122
59125
59126
59127
59128
59131
59138
59141
59143
59145
59149
59150
59153
59154
59156
59161
59163
59165
59166
59169
59171
59172
59174
59175
59176
59179
59183
59184
59185
59186
59187
59190
59194
59195
59197
59198
59199
59200
59209
59214
59217
59218
59220
59222
59225
59230
59231
59232
59234
59235
59237
59243
59246
59252
59254
59255
59258
59259
59260
59265
59273
59274
59277
59279
59280
59281
59283
59284
59288
59291
59296
59297
59300
59308
59309
59316
59318
59323
59328
59333
59340
59342
59345
59349
59350
59351
59360
59362
59368
59369
59371
59378
59379
59381
59388
59389
59392
59393
59395
59396
59401
59402
59404
59406
59407
59408
59409
59410
59412
59413
59414
59415
59417
59419
59420
59423
59432
59433
59439
59440
59441
59442
59445
59450
59453
59454
59457
59460
59462
59463
59464
59465
59468
59473
59476
59482
59483
59489
59498
59499
59504
59505
59506
59507
59510
59511
59513
59514
59516
59527
59529
59532
59535
59536
59539
59541
59546
59549
59550
59551
59552
59555
59556
59559
59562
59563
59564
59565
59566
59567
59573
59574
59575
59578
59579
59586
59587
59588
59590
59591
59593
59594
59597
59598
59600
59602
59605
59607
59609
59613
59614
59615
59616
59625
59627
59629
59630
59635
59636
59637
59641
59643
59649
59651
59653
59654
59657
59659
59661
59664
59665
59669
59670
59671
59674
59676
59679
59681
59684
59692
59695
59699
59700
59704
59707
59709
59710
59712
59716
59719
59720
59725
59731
59734
59736
59738
59744
59745
59748
59749
59750
59754
59756
59757
59760
59761
59762
59764
59768
59769
59773
59774
59777
59779
59780
59781
59785
59789
59793
59794
59795
59805
59806
59808
59813
59817
59819
59822
59823
59825
59826
59827
59828
59829
59836
59839
59840
59841
59843
59844
59853
59855
59856
59857
59859
59863
59864
59865
59869
59878
59880
59883
59887
59892
59896
59901
59905
59908
59909
59912
59914
59922
59926
59927
59930
59931
59939
59940
59941
59942
59943
59944
59946
59950
59954
59961
59962
59964
59965
59966
59968
59969
59971
59976
59977
59979
59983
59986
59988
59993
59994
59997
60002
60004
60006
60007
60009
60012
60014
60019
60020
60027
60030
60035
60040
60046
60050
60051
60052
60056
60057
60062
60068
60072
60073
60077
60082
60084
60087
60089
60091
60092
60093
60095
60096
60099
60110
60112
60113
60116
60118
60120
60122
60125
60127
60128
60132
60133
60137
60140
60142
60145
60146
60149
60150
60151
60152
60165
60168
60169
60178
60180
60181
60182
60184
60187
60193
60194
60197
60198
60199
60204
60206
60210
60213
60219
60221
60224
60230
60240
60247
60249
60250
60251
60254
60256
60258
60261
60263
60265
60270
60272
60273
60274
60278
60281
60282
60289
60293
60296
60297
60300
60301
60303
60305
60310
60315
60316
60319
60320
60324
60327
60334
60347
60348
60351
60353
60354
60358
60360
60362
60372
60376
60381
60390
60391
60392
60394
60396
60397
60401
60402
60403
60404
60406
60407
60408
60410
60413
60414
60417
60422
60423
60424
60427
60428
60430
60432
60441
60442
60444
60446
60448
60449
60450
60452
60453
60456
60462
60465
60466
60472
60476
60479
60487
60490
60492
60493
60494
60495
60501
60503
60513
60517
60518
60521
60522
60525
60526
60527
60529
60531
60533
60536
60538
60539
60546
60548
60549
60553
60557
60558
60561
60563
60565
60568
60570
60571
60573
60574
60575
60578
60581
60583
60584
60586
60589
60598
60600
60601
60602
60603
60605
60610
60611
60612
60614
60617
60618
60622
60624
60625
60629
60630
60636
60637
60639
60640
60641
60643
60651
60658
60659
60662
60666
60667
60668
60671
60672
60673
60676
60678
60679
60681
60683
60689
60690
60692
60694
60695
60696
60700
60703
60709
60710
60713
60737
60738
60739
60755
60756
60758
60760
60761
60763
60764
60767
60768
60770
60774
60775
60781
60784
60786
60792
60795
60797
60802
60809
60817
60818
60819
60824
60825
60827
60830
60832
60834
60835
60848
60850
60851
60852
60853
60854
60855
60857
60861
60862
60865
60866
60868
60874
60875
60878
60882
60885
60888
60892
60904
60907
60908
60913
60917
60920
60921
60922
60925
60926
60929
60932
60935
60937
60940
60944
60945
60948
60949
60950
60952
60955
60957
60959
60968
60973
60979
60990
60991
61006
61007
61014
61015
61018
61023
61024
61027
61033
61034
61043
61044
61046
61047
61048
61050
61051
61058
61060
61072
61074
61076
61078
61079
61082
61083
61087
61088
61090
61099
61103
61110
61112
61122
61123
61125
61126
61128
61129
61130
61132
61133
61134
61136
61137
61139
61140
61141
61143
61145
61146
61152
61155
61158
61159
61165
61166
61170
61174
61176
61178
61179
61181
61183
61184
61187
61189
61196
61198
61202
61204
61205
61207
61213
61222
61224
61227
61233
61234
61236
61237
61238
61242
61243
61244
61245
61247
61248
61249
61252
61256
61258
61259
61263
61265
61268
61269
61280
61281
61282
61287
61289
61297
61298
61299
61300
61308
61309
61310
61311
61315
61324
61327
61329
61333
61335
61336
61337
61338
61343
61344
61345
61349
61350
61355
61359
61360
61362
61363
61364
61366
61371
61372
61373
61375
61376
61377
61380
61384
61385
61390
61395
61396
61397
61398
61401
61408
61410
61415
61420
61422
61424
61426
61427
61428
61430
61433
61434
61436
61440
61444
61448
61450
61458
61462
61463
61467
61469
61470
61472
61476
61477
61482
61485
61486
61487
61488
61494
61502
61504
61506
61508
61511
61513
61516
61521
61522
61525
61526
61529
61530
61531
61534
61535
61536
61537
61538
61539
61545
61549
61552
61559
61561
61562
61565
61567
61573
61578
61579
61580
61581
61589
61592
61596
61598
61599
61602
61603
61606
61607
61613
61614
61622
61623
61627
61628
61633
61634
61640
61644
61645
61659
61660
61661
61662
61663
61664
61666
61672
61675
61677
61680
61681
61683
61685
61686
61696
61697
61698
61699
61703
61705
61708
61721
61722
61725
61732
61734
61737
61742
61744
61746
61751
61753
61758
61765
61766
61769
61773
61774
61778
61787
61790
61791
61792
61797
61798
61804
61808
61809
61812
61813
61814
61815
61816
61824
61825
61826
61829
61830
61842
61844
61845
61850
61851
61856
61864
61867
61868
61873
61874
61875
61881
61882
61884
61885
61886
61887
61888
61891
61892
61893
61894
61895
61896
61897
61903
61905
61906
61908
61912
61916
61918
61920
61921
61924
61925
61927
61930
61934
61939
61943
61948
61949
61959
61964
61965
61969
61971
61972
61981
61983
61985
61986
61988
61989
61990
61994
61996
61997
61998
62005
62008
62010
62012
62014
62016
62018
62019
62027
62041
62042
62044
62048
62050
62052
62055
62060
62063
62067
62068
62069
62071
62075
62079
62081
62082
62083
62084
62085
62087
62091
62093
62096
62097
62098
62099
62105
62107
62112
62113
62116
62119
62121
62126
62127
62130
62138
62148
62157
62160
62161
62167
62168
62169
62170
62172
62174
62178
62180
62182
62183
62187
62194
62195
62196
62198
62199
62201
62202
62206
62210
62211
62212
62213
62214
62219
62222
62226
62227
62230
62232
62239
62244
62246
62250
62251
62254
62257
62260
62265
62267
62271
62272
62273
62275
62278
62279
62292
62303
62304
62306
62307
62309
62311
62317
62319
62320
62322
62323
62327
62329
62332
62333
62338
62340
62347
62349
62351
62353
62369
62379
62384
62386
62387
62390
62395
62401
62402
62405
62407
62408
62412
62413
62416
62419
62421
62423
62428
62430
62435
62437
62442
62445
62446
62447
62453
62455
62468
62470
62471
62473
62477
62479
62483
62485
62490
62494
62497
62498
62500
62503
62504
62506
62507
62510
62512
62514
62516
62517
62518
62537
62538
62541
62549
62550
62551
62557
62560
62564
62567
62569
62574
62577
62588
62589
62590
62591
62593
62595
62600
62603
62605
62607
62610
62611
62613
62620
62621
62624
62625
62626
62627
62631
62638
62642
62644
62645
62646
62656
62658
62665
62668
62672
62673
62678
62682
62683
62686
62689
62693
62695
62696
62698
62702
62704
62708
62710
62712
62713
62717
62720
62724
62732
62733
62734
62739
62740
62742
62743
62746
62747
62751
62753
62763
62766
62769
62772
62773
62775
62776
62781
62785
62793
62795
62797
62800
62802
62804
62805
62807
62809
62814
62816
62817
62820
62824
62826
62827
62833
62834
62836
62849
62851
62853
62856
62859
62861
62864
62866
62869
62876
62879
62880
62881
62885
62890
62891
62893
62896
62899
62903
62906
62908
62912
62914
62915
62917
62920
62922
62923
62927
62929
62931
62932
62936
62937
62939
62941
62943
62949
62950
62957
62973
62974
62975
62984
62987
62988
62991
62996
62997
62998
63006
63008
63009
63013
63016
63021
63022
63023
63024
63025
63026
63028
63030
63034
63037
63045
63053
63055
63058
63062
63063
63064
63069
63074
63076
63081
63084
63088
63089
63091
63094
63095
63100
63104
63106
63108
63114
63116
63117
63118
63124
63127
63128
63130
63133
63140
63141
63142
63154
63156
63158
63159
63165
63167
63168
63169
63173
63179
63183
63193
63195
63199
63200
63202
63204
63205
63211
63212
63214
63215
63219
63223
63224
63229
63233
63238
63239
63241
63242
63250
63251
63252
63256
63261
63269
63272
63274
63276
63284
63286
63290
63294
63295
63297
63301
63304
63305
63306
63308
63309
63315
63316
63322
63323
63325
63326
63327
63329
63330
63333
63338
63339
63341
63343
63344
63346
63348
63349
63350
63354
63355
63360
63362
63365
63366
63367
63368
63369
63377
63380
63389
63391
63392
63393
63394
63397
63399
63402
63405
63409
63413
63416
63425
63426
63428
63430
63431
63434
63435
63437
63439
63441
63442
63444
63445
63449
63456
63460
63463
63464
63471
63473
63474
63476
63479
63482
63484
63487
63489
63499
63500
63503
63505
63507
63509
63511
63512
63515
63516
63518
63523
63524
63526
63528
63530
63531
63536
63540
63541
63544
63546
63552
63554
63555
63558
63559
63560
63563
63569
63571
63572
63577
63586
63590
63592
63597
63601
63602
63609
63612
63614
63616
63619
63625
63626
63628
63632
63634
63635
63636
63639
63640
63648
63649
63650
63652
63663
63666
63673
63674
63677
63678
63679
63683
63684
63692
63695
63696
63699
63700
63703
63705
63708
63712
63714
63719
63722
63731
63733
63734
63740
63742
63743
63751
63753
63754
63758
63759
63760
63769
63776
63780
63781
63782
63785
63786
63787
63800
63814
63815
63826
63831
63835
63836
63839
63841
63842
63848
63858
63860
63863
63864
63865
63871
63876
63877
63882
63884
63890
63898
63899
63900
63905
63907
63908
63915
63919
63924
63925
63927
63928
63929
63930
63932
63933
63934
63935
63938
63947
63952
63954
63963
63967
63969
63972
63981
63985
63986
63993
63996
64003
64004
64007
64008
64010
64011
64012
64018
64023
64028
64030
64031
64034
64035
64039
64047
64048
64049
64055
64056
64058
64065
64074
64077
64083
64084
64085
64089
64090
64091
64093
64095
64097
64101
64103
64106
64108
64114
64117
64119
64128
64130
64134
64135
64138
64141
64145
64148
64154
64157
64158
64160
64169
64171
64176
64177
64179
64180
64181
64182
64183
64189
64192
64195
64196
64199
64202
64203
64209
64211
64214
64217
64219
64226
64227
64229
64231
64234
64241
64243
64245
64247
64248
64249
64253
64254
64262
64265
64266
64267
64281
64283
64284
64286
64287
64290
64292
64294
64297
64299
64312
64314
64322
64323
64325
64326
64327
64328
64331
64334
64336
64338
64345
64346
64347
64348
64349
64350
64352
64355
64358
64366
64367
64370
64371
64372
64374
64375
64376
64377
64380
64383
64384
64387
64389
64391
64397
64398
64399
64400
64401
64403
64404
64409
64413
64422
64425
64426
64427
64438
64439
64441
64443
64447
64448
64451
64454
64456
64457
64458
64459
64462
64467
64472
64476
64482
64484
64490
64496
64497
64502
64513
64514
64515
64520
64521
64523
64526
64529
64530
64531
64533
64535
64537
64539
64540
64544
64554
64555
64557
64558
64559
64560
64561
64563
64564
64569
64576
64580
64581
64582
64591
64593
64594
64599
64601
64604
64606
64607
64608
64612
64613
64614
64615
64624
64629
64630
64634
64643
64644
64647
64651
64653
64661
64663
64664
64671
64672
64674
64680
64682
64684
64685
64687
64692
64694
64695
64697
64698
64704
64705
64713
64720
64725
64729
64730
64731
64732
64734
64736
64737
64743
64745
64746
64758
64762
64765
64766
64774
64775
64776
64778
64782
64783
64786
64788
64793
64796
64797
64798
64799
64802
64804
64805
64808
64810
64814
64816
64819
64825
64826
64827
64828
64829
64833
64834
64835
64838
64839
64841
64844
64850
64854
64858
64860
64861
64865
64866
64877
64880
64882
64884
64890
64894
64897
64899
64901
64906
64910
64911
64914
64915
64917
64921
64927
64929
64931
64934
64937
64943
64945
64947
64951
64961
64962
64967
64970
64982
64983
64984
64987
64997
64998
65000
65001
65003
65004
65007
65009
65015
65016
65018
65021
65024
65026
65030
65035
65036
65038
65047
65048
65053
65058
65061
65066
65067
65069
65072
65078
65079
65084
65086
65087
65088
65091
65092
65093
65095
65101
65102
65104
65106
65110
65111
65113
65117
65122
65124
65125
65128
65129
65130
65131
65133
65134
65138
65144
65145
65155
65161
65166
65168
65170
65171
65172
65175
65182
65187
65191
65192
65195
65217
65219
65220
65224
65225
65230
65237
65240
65245
65247
65248
65250
65251
65253
65255
65258
65265
65266
65268
65269
65276
65278
65281
65283
65284
65285
65288
65289
65291
65292
65299
65303
65308
65311
65318
65322
65324
65327
65332
65334
65337
65338
65341
65342
65356
65362
65368
65370
65374
65376
65378
65391
65397
65399
65406
65407
65408
65418
65420
65423
65427
65429
65430
65431
65433
65437
65438
65440
65441
65443
65447
65453
65456
65459
65460
65464
65467
65473
65474
65475
65477
65479
65480
65488
65491
65493
65499
65502
65504
65505
65508
65509
65513
65516
65520
65524
65529
65530
65531
65534
65535
65536
65540
65543
65544
65545
65546
65550
65554
65559
65566
65570
65575
65577
65578
65580
65591
65594
65595
65597
65598
65605
65609
65611
65631
65633
65640
65642
65643
65645
65646
65653
65655
65656
65659
65667
65670
65673
65675
65677
65679
65682
65692
65694
65696
65698
65706
65708
65709
65711
65713
65717
65724
65726
65730
65732
65733
65736
65743
65744
65745
65746
65749
65752
65754
65758
65761
65769
65770
65774
65776
65777
65778
65782
65783
65785
65786
65788
65789
65792
65793
65798
65805
65807
65812
65816
65817
65818
65819
65820
65830
65831
65833
65835
65841
65842
65851
65856
65858
65861
65864
65869
65871
65872
65873
65874
65877
65880
65882
65885
65888
65889
65895
65901
65911
65914
65915
65916
65919
65929
65935
65943
65946
65948
65951
65953
65954
65956
65958
65959
65960
65963
65964
65967
65970
65972
65975
65977
65981
65984
65985
65988
65990
65991
66000
66008
66011
66012
66014
66020
66023
66028
66029
66035
66036
66041
66045
66051
66052
66057
66058
66059
66062
66066
66067
66072
66075
66076
66077
66083
66089
66092
66094
66105
66106
66107
66109
66115
66116
66118
66120
66122
66123
66126
66128
66133
66135
66136
66138
66141
66150
66153
66159
66160
66163
66164
66168
66172
66173
66176
66182
66187
66188
66189
66193
66194
66195
66199
66201
66205
66212
66215
66217
66220
66224
66225
66229
66235
66239
66241
66246
66249
66250
66256
66257
66259
66260
66261
66264
66274
66275
66276
66277
66278
66282
66284
66295
66305
66309
66312
66316
66317
66319
66325
66327
66328
66337
66339
66341
66342
66343
66346
66347
66350
66352
66360
66361
66362
66368
66370
66371
66372
66375
66376
66379
66380
66382
66384
66386
66390
66391
66393
66394
66405
66407
66409
66414
66415
66417
66421
66425
66428
66431
66432
66437
66438
66443
66446
66453
66455
66456
66458
66462
66463
66467
66469
66470
66471
66476
66477
66480
66485
66487
66491
66493
66494
66497
66499
66502
66505
66506
66510
66512
66513
66514
66515
66520
66526
66532
66533
66544
66550
66554
66556
66557
66560
66563
66565
66566
66567
66573
66583
66584
66585
66588
66593
66596
66605
66615
66617
66619
66625
66629
66630
66632
66638
66639
66645
66649
66650
66651
66654
66655
66657
66664
66667
66670
66672
66685
66687
66689
66696
66701
66702
66703
66704
66705
66706
66710
66712
66713
66714
66716
66717
66721
66728
66729
66739
66740
66742
66751
66753
66764
66767
66774
66779
66785
66786
66796
66797
66805
66806
66809
66822
66823
66829
66831
66832
66834
66836
66842
66845
66850
66851
66853
66854
66855
66856
66860
66870
66871
66875
66879
66883
66894
66895
66897
66899
66901
66902
66908
66909
66914
66915
66918
66920
66924
66925
66926
66930
66936
66937
66938
66939
66940
66945
66946
66948
66949
66951
66954
66958
66965
66969
66971
66974
66976
66978
66984
66986
66987
66989
66998
66999
67006
67008
67009
67010
67014
67016
67019
67024
67031
67034
67036
67039
67045
67051
67053
67064
67066
67073
67075
67077
67080
67081
67083
67085
67094
67096
67098
67101
67107
67110
67114
67116
67122
67125
67126
67136
67141
67143
67146
67147
67148
67149
67157
67158
67159
67160
67161
67162
67168
67174
67176
67179
67180
67184
67188
67190
67191
67192
67199
67201
67202
67203
67204
67207
67208
67209
67213
67221
67226
67230
67233
67235
67243
67246
67248
67250
67251
67252
67254
67259
67263
67264
67265
67273
67278
67279
67285
67287
67290
67296
67299
67300
67301
67303
67307
67309
67313
67314
67317
67320
67324
67327
67329
67340
67344
67347
67348
67351
67354
67355
67356
67361
67364
67365
67366
67367
67372
67375
67376
67378
67379
67382
67383
67385
67396
67397
67398
67400
67403
67407
67408
67411
67413
67419
67422
67425
67431
67432
67433
67437
67447
67453
67456
67462
67463
67465
67466
67474
67476
67477
67479
67484
67487
67488
67492
67493
67495
67501
67503
67509
67514
67516
67518
67519
67534
67537
67540
67541
67545
67546
67549
67552
67554
67557
67558
67562
67565
67566
67568
67573
67576
67577
67580
67582
67587
67589
67591
67592
67594
67596
67601
67602
67603
67605
67606
67609
67617
67618
67619
67620
67625
67628
67630
67636
67638
67642
67644
67645
67649
67650
67657
67661
67668
67669
67672
67674
67676
67685
67686
67687
67696
67697
67699
67700
67702
67703
67704
67705
67706
67708
67714
67724
67725
67728
67733
67735
67740
67742
67743
67744
67750
67751
67757
67761
67766
67770
67780
67783
67784
67785
67789
67793
67797
67802
67805
67807
67808
67811
67813
67816
67819
67821
67826
67832
67836
67839
67841
67843
67847
67851
67852
67853
67854
67858
67859
67862
67863
67864
67866
67867
67868
67869
67888
67890
67892
67896
67897
67901
67903
67907
67908
67911
67927
67929
67932
67934
67935
67936
67939
67940
67941
67942
67945
67947
67948
67949
67952
67957
67960
67962
67968
67971
67973
67977
67983
67989
67990
67994
67996
67999
68002
68005
68006
68008
68013
68014
68023
68026
68028
68029
68030
68031
68032
68036
68049
68051
68061
68073
68076
68077
68082
68086
68090
68092
68093
68094
68098
68099
68100
68103
68109
68113
68114
68116
68119
68121
68125
68127
68128
68129
68133
68138
68140
68141
68144
68150
68155
68156
68157
68158
68161
68163
68164
68175
68176
68177
68183
68192
68194
68196
68199
68201
68204
68206
68207
68208
68210
68216
68217
68218
68219
68222
68224
68227
68229
68232
68233
68236
68243
68244
68247
68248
68251
68257
68264
68270
68271
68275
68278
68279
68280
68286
68291
68297
68300
68305
68316
68318
68320
68324
68325
68334
68339
68347
68349
68362
68364
68366
68372
68374
68380
68381
68385
68388
68392
68393
68396
68398
68400
68403
68404
68406
68412
68414
68415
68416
68421
68422
68430
68431
68433
68434
68435
68436
68437
68438
68439
68443
68446
68448
68450
68462
68466
68474
68479
68483
68486
68488
68489
68490
68501
68507
68508
68512
68521
68525
68531
68536
68537
68539
68542
68547
68548
68551
68552
68554
68557
68559
68560
68563
68568
68571
68576
68581
68582
68583
68585
68588
68591
68596
68598
68600
68607
68612
68614
68618
68622
68625
68629
68635
68636
68638
68651
68652
68653
68656
68660
68661
68662
68663
68664
68665
68667
68668
68670
68672
68673
68676
68677
68680
68682
68688
68689
68695
68696
68697
68711
68712
68713
68715
68719
68720
68723
68727
68729
68730
68743
68744
68745
68753
68758
68763
68767
68775
68779
68781
68783
68789
68790
68791
68793
68798
68799
68803
68804
68817
68818
68819
68821
68822
68823
68833
68835
68840
68841
68844
68846
68848
68851
68853
68857
68862
68863
68871
68872
68878
68880
68885
68891
68896
68900
68902
68903
68912
68914
68918
68923
68924
68925
68927
68930
68931
68937
68945
68947
68949
68954
68956
68960
68973
68977
68980
68983
68984
68992
68994
68997
68999
69007
69011
69024
69025
69028
69031
69033
69034
69035
69038
69048
69049
69053
69054
69055
69056
69058
69063
69066
69067
69075
69080
69082
69083
69087
69094
69096
69097
69098
69103
69105
69107
69108
69109
69114
69118
69125
69132
69133
69135
69136
69139
69140
69142
69143
69144
69147
69148
69149
69150
69153
69158
69160
69163
69167
69168
69171
69172
69173
69177
69181
69182
69183
69186
69189
69193
69194
69195
69196
69197
69199
69203
69204
69206
69210
69211
69215
69217
69221
69225
69230
69232
69233
69235
69237
69243
69244
69245
69247
69248
69249
69252
69262
69265
69267
69268
69270
69279
69290
69292
69297
69299
69302
69309
69311
69314
69315
69316
69317
69321
69322
69323
69331
69334
69336
69343
69348
69354
69356
69357
69358
69360
69361
69366
69367
69373
69376
69382
69385
69387
69392
69393
69406
69407
69412
69417
69418
69420
69421
69424
69427
69430
69437
69439
69440
69441
69442
69444
69446
69448
69450
69460
69462
69463
69474
69476
69478
69480
69482
69487
69488
69489
69491
69494
69495
69496
69497
69499
69500
69504
69505
69506
69507
69508
69509
69511
69519
69520
69524
69526
69527
69529
69539
69540
69542
69551
69552
69553
69554
69560
69561
69564
69567
69572
69576
69579
69580
69581
69582
69583
69584
69585
69586
69587
69588
69589
69590
69602
69604
69610
69611
69613
69615
69620
69632
69639
69642
69643
69644
69646
69647
69650
69656
69658
69659
69662
69666
69667
69669
69671
69677
69679
69680
69683
69687
69690
69691
69696
69698
69705
69709
69711
69712
69716
69718
69719
69726
69734
69739
69744
69751
69754
69755
69760
69763
69765
69766
69771
69775
69776
69780
69782
69785
69791
69792
69793
69802
69805
69807
69810
69813
69814
69815
69817
69818
69820
69826
69828
69833
69838
69839
69840
69843
69849
69851
69852
69856
69857
69859
69867
69869
69871
69875
69878
69880
69881
69884
69891
69893
69894
69897
69900
69901
69902
69904
69908
69911
69913
69917
69918
69925
69927
69928
69931
69939
69940
69943
69947
69952
69953
69957
69959
69961
69963
69964
69967
69969
69972
69977
69979
69982
69984
69985
69991
69992
69993
69995
69997
69998
70002
70003
70007
70010
70013
70015
70017
70023
70024
70026
70031
70033
70037
70038
70045
70057
70061
70075
70079
70082
70085
70086
70088
70089
70092
70095
70108
70110
70112
70116
70122
70127
70129
70130
70133
70138
70139
70140
70142
70150
70153
70157
70158
70160
70164
70165
70167
70169
70170
70171
70172
70174
70178
70179
70181
70184
70186
70188
70189
70194
70195
70199
70205
70206
70210
70211
70217
70220
70222
70224
70225
70227
70228
70229
70231
70238
70245
70248
70254
70255
70259
70261
70266
70267
70268
70269
70270
70277
70278
70279
70282
70290
70292
70294
70304
70309
70310
70317
70318
70319
70320
70326
70327
70332
70334
70336
70339
70340
70347
70349
70351
70357
70358
70360
70361
70362
70363
70364
70367
70371
70376
70383
70394
70400
70401
70402
70404
70405
70407
70412
70413
70421
70423
70424
70428
70436
70437
70440
70447
70451
70466
70467
70468
70470
70472
70473
70475
70481
70486
70490
70496
70500
70504
70505
70506
70508
70510
70511
70513
70520
70534
70539
70541
70543
70547
70549
70551
70556
70561
70562
70564
70565
70566
70573
70574
70575
70578
70584
70586
70588
70590
70597
70599
70611
70615
70618
70620
70621
70631
70633
70634
70639
70640
70641
70644
70648
70653
70654
70662
70665
70670
70671
70672
70674
70675
70679
70681
70682
70683
70684
70695
70697
70706
70708
70717
70721
70727
70731
70732
70733
70737
70741
70745
70747
70752
70760
70764
70765
70766
70770
70776
70777
70786
70791
70792
70795
70797
70809
70813
70815
70816
70818
70826
70830
70831
70835
70842
70845
70847
70853
70854
70857
70858
70860
70863
70865
70869
70872
70873
70876
70877
70878
70880
70884
70888
70894
70895
70897
70900
70901
70902
70903
70904
70905
70906
70907
70909
70910
70914
70915
70916
70926
70931
70934
70940
70941
70942
70943
70947
70949
70951
70952
70953
70961
70965
70967
70972
70973
70979
70980
70981
70983
70984
70989
70994
70999
71008
71020
71025
71029
71032
71036
71037
71040
71041
71042
71046
71047
71048
71051
71059
71062
71066
71070
71077
71078
71082
71087
71088
71098
71099
71101
71105
71107
71112
71113
71115
71116
71117
71119
71120
71124
71126
71127
71129
71138
71139
71147
71148
71153
71154
71157
71166
71167
71169
71170
71173
71175
71176
71180
71187
71188
71191
71198
71201
71204
71208
71212
71222
71229
71230
71231
71233
71234
71239
71254
71256
71258
71262
71265
71269
71270
71271
71277
71279
71281
71284
71286
71289
71296
71297
71298
71300
71305
71310
71311
71312
71316
71318
71319
71320
71321
71323
71326
71329
71331
71332
71334
71337
71339
71341
71344
71348
71350
71352
71354
71355
71359
71365
71373
71374
71376
71377
71379
71380
71383
71386
71388
71389
71396
71399
71400
71401
71404
71409
71416
71418
71424
71439
71440
71442
71444
71450
71451
71453
71456
71458
71459
71462
71464
71465
71467
71469
71470
71478
71485
71487
71488
71492
71496
71497
71499
71502
71507
71508
71509
71513
71514
71517
71521
71527
71528
71531
71532
71537
71539
71540
71542
71545
71546
71550
71554
71562
71564
71566
71569
71570
71574
71575
71577
71582
71586
71587
71588
71589
71593
71594
71599
71601
71604
71612
71615
71618
71623
71624
71625
71627
71630
71644
71645
71650
71653
71654
71658
71660
71663
71665
71667
71669
71670
71672
71673
71674
71676
71680
71684
71686
71690
71691
71693
71696
71697
71698
71702
71703
71704
71705
71706
71708
71710
71716
71721
71725
71727
71729
71732
71736
71737
71738
71739
71740
71743
71746
71747
71749
71753
71757
71758
71759
71767
71785
71786
71790
71791
71794
71797
71798
71807
71808
71810
71812
71815
71819
71824
71837
71847
71850
71852
71853
71856
71858
71860
71866
71869
71871
71875
71876
71881
71882
71891
71892
71895
71896
71899
71900
71901
71902
71905
71908
71909
71913
71914
71916
71919
71927
71930
71935
71936
71937
71946
71950
71953
71957
71960
71961
71965
71967
71971
71972
71973
71975
71977
71978
71980
71983
71984
71986
71987
71990
71991
71995
71996
71999
72004
72006
72009
72010
72014
72016
72024
72026
72029
72031
72032
72033
72035
72036
72041
72042
72043
72046
72050
72054
72056
72057
72065
72067
72069
72070
72071
72078
72080
72088
72091
72092
72097
72102
72104
72105
72106
72109
72113
72114
72118
72129
72133
72134
72136
72140
72143
72144
72153
72154
72157
72160
72161
72165
72166
72168
72177
72178
72180
72184
72191
72194
72198
72200
72202
72203
72206
72210
72211
72215
72216
72218
72219
72233
72236
72238
72249
72250
72254
72255
72256
72257
72261
72262
72263
72265
72266
72267
72268
72269
72277
72278
72279
72282
72287
72288
72290
72292
72293
72302
72308
72309
72310
72315
72325
72327
72337
72340
72342
72344
72349
72350
72351
72354
72358
72360
72367
72368
72373
72375
72376
72378
72379
72381
72382
72384
72386
72387
72388
72390
72397
72401
72402
72409
72411
72420
72422
72423
72426
72430
72431
72433
72434
72437
72444
72449
72455
72456
72457
72458
72466
72467
72470
72471
72474
72476
72478
72481
72482
72484
72497
72501
72506
72516
72521
72526
72531
72532
72534
72537
72538
72541
72545
72550
72553
72554
72555
72558
72562
72566
72570
72575
72578
72580
72581
72582
72583
72585
72586
72589
72591
72593
72598
72601
72602
72603
72608
72614
72616
72617
72624
72625
72629
72630
72631
72633
72636
72637
72638
72643
72644
72648
72649
72652
72654
72656
72658
72659
72660
72661
72662
72663
72665
72669
72675
72677
72678
72679
72680
72687
72689
72691
72692
72693
72694
72695
72699
72704
72708
72712
72715
72716
72719
72720
72725
72728
72735
72739
72745
72749
72750
72756
72766
72769
72770
72777
72780
72781
72783
72792
72802
72805
72808
72810
72814
72816
72821
72823
72844
72849
72851
72854
72855
72857
72858
72859
72864
72866
72867
72870
72873
72882
72892
72893
72895
72897
72898
72900
72903
72908
72911
72913
72914
72916
72917
72919
72920
72923
72927
72929
72931
72932
72940
72943
72945
72947
72948
72949
72950
72952
72953
72954
72960
72961
72969
72977
72979
72983
72988
72991
72992
72993
72995
72996
73000
73007
73020
73022
73025
73028
73030
73034
73035
73045
73048
73049
73051
73060
73067
73071
73073
73074
73075
73076
73079
73082
73085
73087
73088
73101
73106
73112
73115
73122
73123
73125
73128
73135
73136
73138
73143
73150
73151
73152
73158
73159
73160
73163
73165
73167
73168
73170
73174
73175
73177
73186
73196
73199
73204
73207
73211
73215
73216
73218
73219
73222
73224
73228
73235
73237
73239
73242
73249
73250
73259
73264
73267
73269
73273
73274
73275
73280
73284
73288
73294
73296
73297
73299
73300
73303
73307
73309
73311
73312
73317
73322
73326
73327
73335
73336
73346
73350
73351
73355
73358
73359
73360
73361
73366
73369
73374
73375
73381
73382
73385
73387
73392
73393
73395
73396
73400
73403
73405
73406
73418
73420
73421
73423
73424
73427
73428
73433
73434
73435
73443
73444
73448
73450
73452
73456
73458
73466
73467
73468
73469
73472
73477
73479
73481
73487
73489
73490
73491
73495
73499
73500
73507
73509
73513
73516
73521
73524
73527
73529
73530
73534
73540
73546
73553
73568
73572
73573
73581
73582
73583
73589
73590
73593
73602
73608
73614
73616
73619
73621
73625
73634
73636
73639
73642
73646
73652
73653
73655
73657
73661
73664
73668
73674
73678
73682
73687
73688
73691
73692
73693
73700
73702
73707
73708
73709
73710
73717
73718
73720
73725
73726
73727
73729
73730
73738
73741
73742
73746
73747
73748
73751
73752
73755
73762
73763
73764
73766
73768
73776
73778
73784
73786
73796
73798
73799
73801
73802
73805
73807
73808
73814
73816
73818
73819
73821
73822
73825
73829
73831
73832
73835
73839
73841
73844
73845
73850
73851
73854
73855
73856
73860
73861
73864
73867
73871
73875
73879
73881
73886
73889
73893
73894
73896
73900
73903
73906
73909
73914
73915
73916
73924
73926
73928
73933
73936
73942
73945
73948
73949
73952
73953
73956
73957
73959
73961
73962
73968
73974
73975
73976
73980
73981
73982
73983
73986
73989
73994
73997
73999
74004
74006
74007
74012
74014
74015
74016
74022
74024
74026
74030
74032
74036
74043
74044
74045
74046
74047
74050
74051
74058
74059
74064
74067
74069
74070
74074
74075
74081
74084
74085
74086
74099
74100
74101
74102
74113
74116
74119
74120
74121
74126
74127
74133
74134
74136
74142
74143
74146
74150
74154
74160
74163
74168
74172
74184
74186
74191
74194
74199
74206
74207
74210
74214
74217
74224
74226
74233
74240
74241
74248
74250
74254
74255
74261
74268
74273
74276
74279
74284
74287
74292
74295
74297
74311
74314
74315
74317
74318
74321
74327
74329
74330
74332
74334
74337
74339
74342
74358
74361
74363
74364
74375
74377
74379
74384
74385
74387
74388
74394
74400
74402
74410
74415
74416
74428
74433
74438
74445
74447
74456
74459
74461
74462
74463
74464
74467
74473
74475
74481
74483
74489
74493
74494
74497
74499
74503
74511
74512
74516
74518
74523
74526
74530
74536
74537
74539
74548
74555
74558
74563
74565
74569
74570
74578
74580
74582
74585
74589
74591
74594
74595
74599
74602
74606
74608
74614
74619
74622
74624
74625
74628
74629
74631
74633
74636
74638
74640
74642
74650
74651
74656
74658
74661
74663
74671
74672
74673
74677
74685
74687
74692
74694
74698
74702
74705
74709
74715
74726
74727
74729
74732
74738
74742
74743
74744
74745
74746
74750
74754
74766
74771
74773
74774
74781
74784
74789
74792
74794
74795
74798
74800
74804
74813
74815
74818
74819
74820
74822
74827
74828
74833
74834
74836
74841
74843
74846
74847
74856
74857
74859
74861
74862
74864
74867
74871
74873
74876
74880
74891
74900
74909
74913
74918
74919
74925
74929
74931
74934
74936
74937
74938
74939
74941
74946
74949
74951
74955
74956
74958
74960
74968
74973
74980
74984
74988
74989
74993
75009
75010
75015
75017
75020
75021
75024
75029
75038
75042
75051
75054
75057
75063
75067
75073
75075
75077
75080
75081
75085
75086
75088
75093
75094
75097
75102
75106
75107
75109
75110
75113
75114
75127
75128
75131
75137
75142
75147
75154
75165
75166
75167
75169
75170
75173
75178
75187
75193
75203
75204
75207
75208
75212
75215
75220
75225
75226
75231
75232
75235
75238
75247
75248
75250
75251
75252
75254
75255
75256
75257
75262
75263
75265
75268
75270
75275
75276
75280
75281
75287
75295
75296
75298
75300
75309
75312
75315
75317
75321
75322
75325
75328
75331
75332
75333
75335
75337
75338
75344
75354
75360
75369
75370
75377
75378
75380
75383
75384
75389
75400
75403
75407
75408
75409
75412
75415
75417
75427
75430
75436
75437
75448
75449
75452
75456
75458
75462
75466
75472
75473
75474
75475
75478
75480
75481
75484
75485
75486
75488
75489
75490
75493
75500
75502
75508
75529
75532
75538
75540
75545
75547
75550
75560
75567
75569
75570
75573
75576
75577
75581
75582
75583
75586
75588
75603
75604
75608
75610
75611
75613
75619
75627
75629
75631
75633
75644
75646
75650
75652
75653
75654
75655
75659
75660
75665
75666
75667
75671
75679
75680
75681
75683
75684
75690
75693
75694
75709
75710
75711
75712
75713
75720
75723
75726
75728
75730
75731
75736
75739
75742
75750
75754
75755
75757
75760
75765
75766
75768
75770
75773
75779
75786
75792
75793
75795
75798
75800
75801
75805
75808
75811
75817
75826
75828
75834
75835
75836
75838
75847
75852
75858
75860
75869
75870
75874
75878
75886
75891
75893
75897
75899
75901
75906
75907
75911
75922
75923
75924
75927
75932
75938
75943
75948
75953
75957
75958
75959
75962
75963
75964
75967
75968
75969
75971
75976
75980
75982
75988
75991
75992
75998
76001
76002
76004
76005
76007
76008
76009
76018
76019
76020
76029
76035
76038
76040
76044
76050
76054
76058
76064
76066
76073
76076
76079
76080
76084
76085
76087
76089
76101
76105
76106
76107
76109
76111
76122
76125
76127
76131
76132
76134
76137
76138
76143
76146
76150
76151
76155
76157
76160
76162
76163
76164
76165
76168
76169
76172
76173
76176
76181
76182
76183
76188
76191
76192
76194
76198
76201
76203
76204
76205
76208
76209
76210
76217
76219
76221
76228
76231
76233
76236
76238
76241
76247
76249
76257
76260
76262
76267
76268
76269
76280
76281
76294
76297
76300
76301
76302
76307
76314
76321
76323
76327
76328
76330
76331
76337
76341
76345
76352
76359
76361
76366
76368
76369
76370
76371
76372
76377
76380
76381
76382
76384
76386
76389
76395
76397
76401
76406
76411
76415
76430
76431
76433
76434
76436
76439
76443
76446
76449
76456
76457
76462
76465
76466
76468
76470
76475
76485
76487
76494
76503
76504
76506
76513
76514
76519
76527
76533
76536
76539
76543
76544
76549
76550
76554
76555
76557
76559
76564
76565
76578
76581
76587
76588
76591
76594
76598
76599
76607
76609
76628
76632
76633
76635
76637
76641
76649
76650
76651
76652
76657
76659
76660
76662
76663
76664
76665
76666
76668
76671
76678
76685
76686
76687
76694
76701
76702
76707
76715
76718
76719
76723
76734
76735
76746
76747
76750
76755
76761
76762
76767
76769
76770
76771
76776
76778
76779
76780
76782
76783
76786
76795
76797
76800
76801
76802
76805
76808
76809
76811
76812
76813
76820
76822
76823
76831
76833
76838
76841
76842
76844
76849
76852
76853
76858
76864
76867
76869
76870
76872
76875
76877
76880
76888
76889
76892
76897
76898
76899
76901
76905
76913
76917
76918
76920
76922
76928
76930
76933
76936
76941
76942
76945
76948
76951
76955
76958
76964
76968
76970
76973
76978
76986
76992
76994
76995
76997
77002
77003
77004
77011
77015
77017
77018
77019
77021
77025
77026
77027
77033
77036
77037
77040
77044
77049
77050
77052
77059
77071
77072
77073
77075
77078
77082
77086
77093
77094
77109
77112
77116
77118
77123
77124
77126
77138
77139
77140
77141
77142
77143
77145
77148
77152
77153
77155
77157
77165
77167
77173
77176
77178
77180
77184
77185
77187
77190
77192
77197
77198
77203
77210
77212
77220
77225
77226
77227
77228
77232
77233
77236
77238
77239
77245
77247
77248
77250
77252
77255
77256
77271
77277
77279
77280
77282
77285
77287
77288
77291
77300
77301
77303
77304
77307
77309
77310
77311
77313
77314
77319
77320
77323
77326
77327
77328
77330
77331
77332
77333
77334
77335
77336
77339
77340
77348
77349
77350
77353
77354
77355
77363
77369
77372
77373
77375
77376
77380
77384
77385
77389
77390
77392
77398
77405
77410
77411
77413
77415
77420
77433
77436
77443
77446
77447
77456
77457
77463
77464
77465
77468
77470
77478
77480
77482
77483
77487
77489
77490
77500
77501
77503
77508
77511
77512
77513
77515
77516
77518
77519
77522
77524
77525
77529
77532
77533
77538
77542
77544
77545
77546
77547
77548
77550
77563
77567
77573
77577
77580
77584
77590
77599
77600
77601
77608
77633
77634
77635
77638
77643
77644
77645
77649
77650
77660
77663
77666
77668
77672
77675
77677
77680
77682
77685
77686
77689
77692
77693
77697
77699
77703
77704
77705
77708
77711
77714
77715
77716
77717
77720
77723
77724
77726
77729
77730
77731
77740
77741
77744
77746
77747
77750
77751
77752
77753
77755
77760
77762
77763
77766
77767
77768
77769
77774
77783
77789
77792
77794
77795
77806
77808
77811
77816
77817
77824
77826
77827
77828
77832
77834
77844
77846
77852
77855
77858
77859
77867
77868
77869
77870
77872
77874
77886
77895
77897
77903
77906
77913
77915
77918
77919
77920
77926
77931
77932
77933
77942
77944
77946
77949
77952
77954
77957
77960
77961
77963
77967
77971
77976
77977
77978
77986
77991
77993
78000
78003
78004
78015
78020
78023
78026
78029
78031
78036
78037
78040
78042
78046
78055
78059
78063
78064
78067
78075
78079
78081
78086
78088
78089
78093
78094
78097
78103
78104
78107
78113
78117
78121
78127
78133
78136
78143
78145
78146
78155
78158
78159
78166
78172
78173
78175
78179
78184
78191
78194
78195
78198
78205
78209
78214
78216
78218
78219
78221
78229
78231
78232
78235
78236
78241
78244
78248
78249
78250
78251
78253
78255
78260
78270
78272
78287
78288
78298
78299
78303
78304
78305
78306
78318
78319
78321
78323
78324
78332
78336
78337
78341
78343
78344
78350
78351
78352
78366
78369
78370
78373
78380
78388
78390
78396
78397
78398
78401
78402
78403
78406
78408
78421
78429
78434
78437
78447
78449
78450
78451
78462
78465
78466
78467
78471
78477
78478
78482
78490
78492
78493
78501
78505
78508
78509
78510
78513
78514
78516
78519
78520
78525
78526
78530
78531
78532
78533
78534
78538
78540
78542
78544
78548
78550
78556
78562
78577
78578
78583
78592
78597
78599
78600
78602
78604
78608
78610
78615
78619
78620
78622
78628
78631
78633
78634
78652
78658
78659
78660
78663
78665
78673
78679
78684
78689
78692
78694
78696
78716
78720
78721
78725
78727
78732
78733
78734
78739
78746
78748
78749
78756
78760
78765
78767
78770
78772
78775
78782
78785
78786
78789
78791
78796
78801
78802
78804
78809
78813
78814
78818
78820
78821
78829
78838
78853
78855
78858
78859
78861
78864
78866
78867
78871
78874
78876
78877
78886
78888
78889
78892
78895
78897
78901
78904
78908
78910
78912
78913
78917
78923
78926
78929
78934
78935
78936
78945
78948
78954
78955
78956
78962
78963
78964
78970
78975
78976
78995
79004
79006
79010
79013
79014
79016
79018
79021
79024
79026
79036
79038
79041
79046
79061
79062
79063
79065
79072
79073
79074
79078
79084
79086
79091
79092
79101
79102
79103
79113
79116
79117
79118
79120
79124
79126
79129
79130
79131
79137
79140
79145
79147
79165
79171
79173
79175
79177
79179
79180
79186
79192
79193
79207
79208
79209
79216
79219
79222
79224
79225
79230
79233
79234
79242
79245
79246
79249
79255
79260
79261
79265
79272
79278
79281
79283
79287
79293
79297
79302
79303
79308
79310
79311
79312
79316
79319
79322
79332
79333
79335
79342
79346
79350
79351
79352
79353
79355
79358
79364
79369
79372
79373
79374
79376
79381
79382
79383
79384
79388
79390
79391
79397
79398
79419
79421
79428
79430
79431
79435
79438
79439
79441
79442
79444
79445
79451
79452
79453
79462
79469
79471
79472
79478
79480
79481
79482
79487
79497
79499
79506
79509
79512
79514
79517
79518
79522
79523
79528
79529
79530
79532
79533
79540
79557
79560
79561
79562
79563
79568
79576
79580
79581
79583
79584
79592
79593
79594
79595
79602
79605
79606
79609
79610
79611
79614
79616
79622
79627
79628
79631
79632
79634
79636
79644
79659
79662
79663
79669
79671
79672
79676
79677
79678
79679
79681
79683
79684
79685
79691
79692
79694
79695
79696
79700
79701
79702
79703
79707
79710
79720
79721
79723
79728
79729
79730
79736
79740
79741
79743
79744
79755
79759
79761
79764
79765
79768
79770
79774
79775
79776
79777
79781
79782
79786
79791
79792
79797
79800
79801
79805
79807
79810
79821
79828
79829
79830
79831
79837
79840
79842
79843
79850
79851
79852
79854
79856
79858
79860
79878
79881
79885
79886
79887
79888
79897
79901
79915
79919
79927
79929
79933
79934
79935
79946
79955
79959
79961
79962
79967
79971
79972
79973
79976
79980
79981
79986
79989
79991
79996
79998
80000
80005
80006
80008
80012
80015
80018
80019
80021
80026
80033
80039
80044
80046
80047
80049
80051
80055
80061
80067
80070
80083
80084
80087
80089
80090
80096
80099
80100
80104
80108
80109
80113
80119
80120
80125
80126
80134
80143
80144
80145
80147
80148
80150
80153
80156
80157
80162
80165
80168
80173
80174
80175
80180
80182
80183
80191
80192
80205
80209
80210
80213
80219
80230
80231
80235
80239
80240
80241
80242
80243
80244
80246
80248
80250
80253
80255
80259
80260
80263
80268
80269
80270
80273
80277
80282
80286
80288
80290
80291
80299
80308
80314
80323
80332
80344
80350
80351
80358
80359
80368
80369
80371
80379
80381
80382
80385
80386
80389
80391
80400
80403
80407
80408
80409
80419
80422
80424
80425
80427
80437
80438
80443
80444
80445
80446
80453
80459
80461
80462
80466
80467
80468
80473
80483
80484
80485
80486
80488
80489
80495
80496
80498
80503
80515
80519
80523
80533
80534
80537
80545
80546
80549
80556
80558
80560
80566
80567
80568
80570
80571
80572
80576
80581
80583
80588
80591
80597
80598
80603
80606
80611
80613
80615
80616
80621
80623
80624
80625
80629
80641
80643
80646
80654
80656
80664
80667
80669
80681
80682
80683
80689
80691
80697
80700
80702
80704
80707
80723
80724
80725
80729
80735
80736
80738
80743
80748
80749
80751
80758
80759
80760
80769
80772
80780
80784
80787
80789
80796
80800
80804
80806
80807
80809
80812
80813
80814
80818
80823
80824
80828
80829
80834
80836
80837
80838
80839
80840
80841
80846
80849
80850
80858
80863
80868
80870
80872
80874
80875
80876
80878
80879
80884
80888
80889
80907
80914
80922
80925
80933
80939
80940
80951
80952
80956
80961
80966
80976
80978
80979
80982
80983
80986
80988
80990
80994
80996
81002
81004
81006
81009
81015
81019
81021
81024
81031
81033
81038
81043
81044
81052
81060
81061
81065
81066
81069
81070
81071
81078
81082
81084
81086
81091
81092
81093
81096
81099
81104
81106
81107
81109
81112
81118
81120
81123
81124
81125
81126
81129
81132
81139
81141
81146
81147
81151
81155
81158
81160
81161
81168
81172
81180
81187
81189
81197
81198
81199
81200
81202
81203
81204
81207
81208
81215
81217
81221
81225
81226
81231
81235
81236
81238
81239
81242
81245
81251
81254
81256
81259
81260
81261
81264
81273
81275
81277
81279
81287
81295
81297
81299
81305
81306
81310
81323
81326
81332
81335
81344
81345
81348
81356
81357
81361
81364
81365
81371
81383
81387
81388
81390
81391
81394
81399
81403
81409
81410
81412
81413
81415
81417
81419
81420
81421
81423
81424
81427
81428
81434
81442
81443
81459
81468
81473
81474
81479
81482
81486
81491
81492
81494
81506
81509
81515
81517
81520
81523
81525
81528
81529
81537
81541
81542
81546
81552
81559
81562
81564
81568
81570
81582
81587
81592
81595
81597
81599
81600
81604
81605
81611
81612
81613
81614
81616
81622
81625
81626
81630
81633
81634
81635
81638
81643
81646
81655
81656
81658
81659
81664
81665
81666
81667
81668
81672
81675
81676
81680
81681
81682
81684
81689
81696
81697
81699
81700
81705
81707
81708
81709
81718
81719
81722
81723
81724
81725
81732
81733
81743
81757
81762
81763
81764
81766
81767
81768
81773
81774
81777
81782
81783
81787
81788
81790
81793
81794
81796
81799
81802
81807
81810
81813
81818
81821
81822
81824
81827
81829
81831
81834
81835
81839
81842
81844
81845
81847
81853
81855
81857
81859
81862
81864
81865
81868
81869
81870
81871
81872
81873
81875
81881
81884
81885
81886
81888
81890
81891
81905
81911
81917
81927
81932
81933
81942
81943
81947
81950
81951
81957
81960
81961
81966
81982
81989
81991
81993
81995
81997
82003
82014
82024
82028
82041
82042
82044
82047
82050
82052
82053
82056
82057
82058
82061
82063
82066
82070
82074
82078
82083
82084
82088
82090
82104
82111
82112
82117
82118
82119
82122
82127
82129
82131
82132
82136
82144
82147
82149
82153
82155
82158
82166
82178
82180
82184
82185
82186
82189
82195
82196
82199
82204
82208
82212
82214
82219
82220
82222
82224
82230
82236
82241
82247
82248
82249
82250
82254
82255
82262
82264
82270
82272
82274
82275
82276
82282
82284
82292
82301
82302
82308
82310
82314
82317
82320
82323
82326
82327
82328
82329
82338
82341
82344
82345
82347
82352
82355
82357
82358
82360
82363
82364
82368
82371
82372
82374
82381
82387
82394
82397
82400
82414
82415
82417
82419
82424
82427
82428
82433
82434
82440
82443
82445
82446
82449
82455
82468
82471
82487
82489
82490
82509
82511
82512
82514
82517
82520
82524
82529
82530
82532
82533
82534
82536
82537
82540
82542
82543
82544
82547
82548
82552
82559
82562
82563
82564
82568
82574
82576
82577
82580
82581
82592
82593
82598
82603
82605
82610
82614
82615
82621
82625
82626
82628
82629
82632
82633
82636
82642
82643
82646
82648
82653
82655
82658
82661
82662
82671
82678
82679
82682
82688
82691
82703
82710
82712
82714
82716
82721
82722
82735
82739
82740
82743
82746
82747
82754
82755
82758
82764
82766
82768
82769
82771
82783
82785
82787
82791
82792
82797
82798
82801
82802
82803
82814
82816
82823
82824
82828
82834
82838
82841
82843
82851
82860
82862
82866
82868
82869
82872
82878
82881
82882
82883
82892
82897
82898
82901
82902
82906
82907
82909
82912
82914
82915
82928
82933
82934
82940
82942
82943
82945
82946
82948
82953
82954
82957
82960
82962
82966
82972
82976
82979
82980
82983
82986
82991
82994
82995
83006
83007
83009
83012
83013
83014
83015
83019
83021
83029
83031
83032
83034
83037
83041
83051
83053
83059
83063
83069
83077
83079
83080
83086
83087
83095
83098
83101
83104
83105
83106
83111
83119
83123
83124
83127
83134
83140
83142
83146
83147
83148
83154
83156
83165
83172
83173
83176
83182
83183
83184
83186
83187
83192
83195
83200
83206
83211
83214
83217
83218
83221
83227
83228
83242
83243
83249
83250
83251
83253
83257
83258
83261
83263
83268
83271
83272
83274
83277
83278
83279
83281
83301
83303
83307
83309
83312
83316
83318
83323
83328
83335
83337
83341
83349
83365
83372
83373
83375
83388
83395
83396
83398
83399
83405
83410
83414
83418
83419
83420
83423
83424
83425
83427
83431
83433
83434
83443
83455
83456
83463
83466
83471
83478
83480
83482
83485
83486
83487
83492
83499
83504
83509
83514
83515
83517
83520
83521
83525
83530
83531
83532
83534
83536
83539
83540
83545
83549
83551
83552
83568
83569
83570
83573
83576
83577
83580
83582
83584
83585
83588
83592
83596
83597
83598
83609
83614
83616
83623
83625
83626
83629
83633
83636
83638
83644
83646
83648
83659
83661
83664
83665
83666
83668
83670
83672
83674
83681
83687
83690
83697
83698
83701
83704
83707
83708
83710
83711
83718
83726
83731
83732
83739
83742
83746
83749
83750
83753
83757
83765
83766
83767
83772
83773
83779
83781
83784
83786
83788
83790
83793
83794
83799
83802
83807
83812
83813
83815
83818
83820
83821
83825
83826
83829
83831
83835
83840
83842
83843
83845
83862
83867
83870
83872
83873
83879
83881
83882
83886
83888
83890
83919
83923
83926
83929
83930
83937
83940
83946
83948
83950
83954
83962
83973
83974
83982
83990
83992
83993
83994
83997
83998
84002
84007
84008
84010
84013
84030
84031
84035
84042
84050
84051
84057
84059
84068
84071
84072
84075
84076
84077
84078
84083
84085
84087
84089
84091
84092
84094
84099
84100
84101
84102
84104
84106
84107
84108
84114
84117
84119
84122
84125
84126
84128
84133
84135
84137
84138
84140
84144
84146
84149
84155
84159
84163
84165
84168
84170
84174
84178
84183
84190
84194
84202
84203
84207
84209
84214
84216
84218
84226
84227
84229
84230
84232
84238
84246
84249
84251
84253
84254
84258
84261
84265
84271
84273
84276
84280
84281
84292
84295
84297
84302
84303
84310
84314
84315
84318
84320
84321
84322
84326
84327
84329
84331
84334
84335
84340
84341
84344
84345
84347
84349
84351
84353
84359
84365
84369
84379
84380
84385
84387
84389
84390
84392
84400
84410
84412
84413
84416
84427
84428
84429
84430
84431
84437
84439
84445
84448
84450
84451
84452
84456
84458
84459
84466
84467
84475
84476
84481
84486
84495
84496
84497
84498
84501
84505
84506
84513
84514
84523
84525
84527
84530
84534
84535
84541
84545
84548
84549
84555
84557
84558
84566
84574
84577
84578
84579
84582
84589
84590
84592
84596
84600
84603
84604
84606
84609
84612
84614
84618
84623
84625
84626
84628
84630
84631
84633
84637
84643
84645
84650
84651
84657
84658
84674
84675
84676
84683
84684
84689
84690
84691
84695
84699
84700
84701
84702
84724
84727
84739
84748
84751
84752
84756
84757
84758
84763
84764
84768
84771
84773
84778
84784
84787
84792
84802
84803
84804
84807
84811
84813
84817
84819
84826
84829
84831
84833
84835
84837
84840
84842
84843
84844
84848
84849
84855
84865
84867
84871
84873
84874
84875
84883
84885
84887
84891
84893
84895
84898
84900
84901
84902
84911
84912
84916
84918
84926
84930
84931
84933
84945
84952
84962
84964
84977
84980
84987
84988
84997
84999
85000
85013
85014
85018
85019
85024
85035
85037
85038
85040
85041
85043
85049
85052
85054
85057
85061
85068
85070
85077
85081
85083
85084
85085
85087
85095
85104
85109
85112
85118
85120
85121
85123
85127
85134
85136
85139
85144
85148
85151
85152
85155
85157
85158
85159
85164
85170
85177
85184
85188
85198
85201
85202
85207
85209
85212
85213
85214
85217
85221
85223
85231
85238
85240
85245
85251
85252
85255
85258
85259
85260
85266
85272
85274
85275
85277
85283
85284
85289
85298
85301
85304
85306
85310
85318
85331
85332
85335
85338
85342
85346
85347
85349
85352
85359
85361
85366
85370
85371
85372
85375
85383
85384
85385
85386
85388
85389
85392
85396
85397
85402
85403
85410
85412
85415
85418
85422
85423
85425
85428
85429
85430
85435
85441
85449
85455
85457
85459
85460
85463
85466
85471
85474
85480
85486
85487
85489
85490
85494
85495
85496
85498
85501
85504
85506
85525
85531
85540
85543
85545
85557
85559
85563
85564
85570
85571
85576
85581
85583
85584
85587
85592
85595
85600
85601
85603
85606
85607
85614
85616
85619
85620
85623
85633
85635
85639
85650
85654
85659
85660
85666
85670
85672
85674
85679
85684
85687
85688
85694
85697
85698
85700
85703
85708
85711
85717
85727
85728
85729
85732
85733
85741
85742
85745
85752
85757
85759
85762
85763
85777
85787
85788
85789
85793
85798
85799
85800
85805
85808
85809
85826
85828
85841
85842
85848
85850
85857
85865
85867
85870
85872
85882
85886
85897
85901
85910
85911
85921
85922
85923
85934
85938
85942
85944
85945
85948
85952
85954
85961
85980
85983
85985
85986
85987
85990
86001
86002
86003
86010
86013
86015
86017
86025
86027
86030
86033
86034
86035
86039
86047
86049
86051
86056
86057
86062
86064
86065
86066
86067
86069
86071
86078
86079
86080
86084
86086
86095
86098
86101
86103
86105
86108
86109
86113
86118
86123
86125
86130
86139
86146
86149
86156
86160
86162
86164
86167
86169
86171
86172
86173
86174
86177
86180
86185
86186
86187
86189
86192
86196
86197
86199
86200
86206
86208
86210
86233
86234
86240
86241
86249
86250
86257
86259
86260
86262
86266
86274
86280
86284
86290
86293
86298
86302
86307
86312
86314
86315
86321
86324
86331
86336
86338
86339
86340
86341
86343
86344
86356
86363
86365
86372
86374
86380
86381
86382
86384
86385
86392
86393
86394
86397
86415
86427
86428
86430
86434
86445
86446
86456
86457
86462
86468
86475
86477
86479
86482
86483
86485
86488
86491
86506
86507
86509
86516
86519
86520
86530
86533
86536
86539
86542
86543
86544
86546
86548
86549
86552
86561
86563
86566
86568
86569
86579
86587
86588
86591
86595
86597
86598
86604
86605
86610
86615
86625
86626
86628
86631
86640
86641
86642
86644
86645
86649
86650
86659
86668
86672
86674
86675
86678
86682
86686
86687
86688
86689
86695
86703
86706
86713
86714
86720
86721
86723
86725
86733
86735
86736
86739
86741
86742
86751
86754
86755
86760
86761
86765
86769
86774
86775
86776
86778
86780
86783
86785
86787
86790
86794
86795
86796
86803
86804
86811
86817
86820
86824
86828
86839
86843
86844
86845
86847
86856
86862
86869
86870
86878
86885
86887
86889
86893
86897
86898
86899
86901
86908
86912
86913
86914
86919
86920
86921
86923
86927
86928
86930
86932
86940
86946
86949
86950
86952
86958
86963
86967
86973
86980
86981
86982
86990
86994
87002
87003
87008
87012
87017
87021
87028
87036
87039
87045
87046
87051
87061
87062
87072
87075
87076
87078
87079
87081
87083
87084
87086
87088
87091
87092
87093
87096
87108
87113
87115
87122
87125
87135
87137
87139
87140
87143
87146
87148
87162
87165
87168
87170
87172
87173
87175
87176
87178
87179
87183
87187
87192
87193
87194
87199
87202
87207
87210
87211
87212
87215
87216
87217
87218
87219
87231
87235
87236
87237
87239
87241
87244
87249
87250
87251
87252
87254
87257
87258
87267
87268
87272
87276
87277
87285
87291
87296
87297
87298
87303
87313
87314
87315
87319
87320
87333
87334
87347
87351
87357
87359
87361
87363
87365
87370
87371
87374
87380
87391
87400
87402
87404
87405
87409
87418
87421
87422
87423
87427
87432
87437
87441
87442
87446
87450
87454
87464
87465
87466
87471
87472
87475
87478
87482
87487
87488
87489
87490
87492
87493
87500
87501
87505
87506
87508
87509
87512
87516
87522
87524
87527
87539
87547
87551
87553
87554
87556
87561
87576
87578
87582
87589
87592
87597
87605
87607
87608
87632
87636
87638
87639
87641
87644
87648
87650
87652
87654
87658
87661
87669
87670
87677
87683
87686
87690
87694
87697
87698
87700
87703
87708
87715
87724
87725
87726
87728
87730
87731
87732
87734
87735
87736
87740
87742
87743
87744
87750
87751
87753
87758
87763
87764
87765
87769
87780
87793
87794
87800
87806
87807
87810
87812
87816
87820
87822
87825
87826
87831
87833
87838
87839
87840
87842
87845
87849
87851
87858
87867
87868
87869
87874
87876
87884
87887
87888
87894
87896
87904
87905
87908
87913
87914
87922
87924
87928
87938
87939
87943
87944
87945
87950
87953
87954
87965
87967
87968
87977
87979
87980
87985
87989
87990
87991
87993
88001
88002
88010
88012
88014
88020
88022
88023
88026
88030
88036
88038
88039
88040
88042
88043
88048
88051
88057
88060
88061
88066
88080
88081
88089
88090
88092
88094
88097
88100
88105
88108
88116
88119
88120
88123
88126
88129
88133
88136
88137
88139
88140
88142
88146
88148
88149
88158
88161
88164
88171
88173
88178
88181
88185
88195
88199
88200
88213
88215
88216
88229
88231
88234
88242
88248
88251
88252
88258
88263
88266
88270
88271
88276
88278
88290
88292
88303
88304
88306
88307
88308
88313
88318
88320
88322
88323
88324
88327
88329
88330
88335
88343
88345
88348
88349
88353
88354
88357
88358
88360
88363
88366
88367
88373
88375
88377
88383
88388
88389
88394
88401
88404
88408
88409
88424
88425
88427
88431
88433
88440
88441
88444
88446
88449
88452
88453
88458
88459
88460
88461
88468
88469
88476
88483
88484
88494
88497
88498
88504
88513
88521
88524
88525
88526
88532
88533
88534
88540
88542
88543
88545
88548
88557
88561
88564
88566
88567
88568
88571
88573
88574
88577
88579
88581
88583
88586
88587
88591
88594
88601
88602
88604
88609
88613
88614
88615
88625
88632
88633
88644
88646
88647
88648
88650
88651
88652
88653
88660
88661
88664
88665
88666
88692
88693
88694
88695
88698
88699
88700
88702
88725
88726
88729
88730
88735
88736
88738
88743
88746
88751
88752
88753
88756
88760
88761
88765
88769
88771
88776
88779
88781
88784
88791
88793
88796
88798
88802
88804
88814
88815
88819
88823
88826
88829
88838
88840
88847
88850
88852
88857
88858
88861
88865
88866
88871
88872
88873
88874
88875
88879
88880
88884
88887
88889
88890
88892
88900
88905
88907
88909
88912
88913
88916
88918
88924
88929
88931
88932
88936
88937
88938
88942
88944
88946
88949
88955
88959
88961
88967
88974
88977
88980
88987
88995
89009
89021
89024
89031
89035
89043
89044
89045
89047
89049
89059
89063
89069
89076
89080
89081
89087
89088
89089
89094
89095
89097
89099
89107
89113
89114
89115
89117
89129
89130
89131
89133
89139
89146
89149
89150
89157
89163
89170
89174
89189
89191
89195
89196
89198
89203
89205
89207
89209
89212
89213
89216
89218
89219
89220
89225
89231
89242
89253
89260
89273
89278
89282
89286
89288
89289
89290
89295
89296
89299
89303
89307
89313
89315
89316
89317
89323
89324
89325
89331
89335
89337
89342
89346
89350
89351
89355
89356
89358
89361
89366
89370
89372
89376
89378
89380
89389
89395
89397
89399
89413
89414
89415
89417
89421
89423
89425
89426
89427
89429
89431
89432
89436
89437
89443
89445
89450
89458
89462
89464
89469
89472
89474
89477
89481
89482
89485
89491
89493
89495
89496
89499
89500
89516
89517
89520
89531
89533
89539
89546
89552
89556
89559
89560
89563
89564
89565
89571
89574
89577
89578
89579
89582
89584
89588
89590
89591
89596
89599
89611
89615
89618
89625
89637
89638
89640
89641
89642
89644
89655
89658
89661
89666
89667
89669
89674
89695
89700
89703
89704
89708
89711
89714
89718
89719
89723
89729
89736
89738
89745
89746
89747
89750
89752
89755
89761
89762
89763
89768
89769
89773
89776
89778
89779
89780
89782
89784
89790
89791
89793
89794
89796
89797
89801
89804
89806
89807
89813
89815
89817
89820
89822
89828
89833
89835
89836
89844
89846
89848
89856
89859
89861
89866
89871
89877
89882
89890
89893
89894
89899
89901
89906
89910
89915
89924
89925
89933
89934
89940
89945
89956
89957
89962
89968
89969
89973
89974
89979
89980
89981
89987
89993
89995
90001
90002
90004
90007
90010
90021
90024
90030
90032
90033
90039
90043
90046
90059
90060
90066
90070
90075
90078
90080
90083
90084
90085
90086
90088
90095
90098
90100
90104
90110
90111
90123
90125
90132
90133
90134
90136
90137
90139
90142
90145
90147
90148
90150
90152
90153
90155
90171
90176
90180
90184
90186
90189
90191
90205
90206
90209
90212
90213
90216
90217
90218
90219
90229
90232
90233
90236
90239
90240
90241
90246
90250
90253
90255
90256
90257
90263
90272
90279
90280
90282
90284
90286
90288
90292
90293
90302
90305
90313
90317
90321
90327
90329
90334
90335
90336
90340
90343
90344
90345
90353
90357
90359
90361
90362
90363
90370
90371
90375
90378
90380
90388
90393
90398
90405
90410
90411
90416
90417
90422
90423
90425
90426
90427
90430
90441
90443
90447
90448
90458
90460
90462
90463
90464
90468
90473
90480
90481
90482
90485
90489
90498
90500
90501
90502
90504
90505
90508
90518
90520
90525
90532
90533
90539
90541
90558
90560
90563
90564
90567
90570
90573
90583
90586
90592
90594
90599
90600
90603
90607
90609
90610
90611
90612
90613
90614
90617
90619
90620
90622
90624
90628
90632
90634
90640
90645
90660
90663
90665
90667
90673
90674
90675
90676
90678
90682
90684
90686
90687
90688
90690
90694
90699
90700
90701
90709
90715
90716
90718
90721
90724
90730
90732
90735
90736
90743
90745
90747
90750
90751
90752
90762
90767
90771
90773
90774
90780
90790
90793
90798
90800
90805
90808
90810
90816
90817
90818
90825
90827
90829
90838
90848
90852
90864
90869
90874
90878
90882
90883
90884
90889
90892
90905
90910
90915
90917
90918
90919
90921
90922
90928
90938
90940
90949
90958
90964
90969
90971
90973
90974
90978
90984
90988
90992
90993
91000
91009
91011
91012
91014
91016
91021
91024
91026
91029
91036
91040
91048
91051
91059
91062
91065
91066
91068
91070
91074
91084
91085
91090
91094
91095
91096
91098
91101
91103
91107
91108
91110
91121
91124
91125
91127
91131
91133
91138
91144
91147
91153
91159
91177
91179
91182
91185
91194
91197
91199
91200
91201
91203
91212
91217
91218
91226
91228
91230
91232
91233
91237
91239
91245
91250
91251
91253
91254
91256
91264
91266
91267
91277
91280
91290
91291
91292
91293
91297
91303
91310
91316
91328
91329
91332
91333
91335
91337
91341
91348
91354
91356
91357
91363
91364
91365
91366
91373
91375
91392
91395
91405
91406
91407
91412
91423
91425
91426
91432
91436
91437
91438
91441
91444
91446
91452
91457
91459
91460
91466
91469
91470
91471
91473
91474
91477
91479
91494
91513
91519
91521
91522
91523
91528
91537
91545
91549
91551
91555
91556
91559
91568
91569
91586
91588
91594
91600
91610
91611
91613
91614
91622
91627
91628
91629
91634
91646
91651
91653
91654
91659
91660
91662
91664
91667
91674
91675
91680
91684
91688
91690
91700
91701
91703
91706
91709
91711
91712
91720
91721
91722
91730
91731
91735
91738
91743
91746
91748
91749
91751
91755
91758
91766
91767
91768
91774
91776
91780
91781
91784
91787
91791
91796
91797
91805
91817
91818
91821
91827
91828
91835
91841
91844
91851
91857
91858
91859
91864
91865
91866
91867
91868
91873
91877
91888
91890
91896
91899
91902
91904
91910
91924
91926
91928
91929
91939
91948
91951
91961
91962
91965
91979
91980
91981
91984
91987
91989
91992
91993
91996
92005
92008
92009
92010
92020
92021
92022
92024
92027
92028
92029
92031
92033
92034
92039
92043
92045
92050
92051
92052
92054
92056
92057
92058
92059
92060
92063
92064
92065
92066
92078
92080
92081
92089
92090
92092
92095
92098
92104
92105
92110
92113
92117
92128
92130
92137
92142
92145
92146
92151
92153
92155
92156
92163
92170
92172
92173
92174
92175
92179
92180
92181
92183
92184
92185
92192
92200
92208
92212
92219
92222
92224
92227
92228
92232
92234
92237
92239
92242
92247
92250
92254
92257
92273
92274
92275
92278
92280
92284
92285
92289
92290
92291
92292
92294
92295
92297
92306
92323
92328
92335
92338
92343
92355
92358
92360
92361
92364
92366
92367
92370
92377
92379
92383
92384
92387
92396
92399
92404
92406
92408
92419
92422
92423
92434
92436
92437
92439
92442
92448
92455
92457
92465
92466
92467
92469
92481
92485
92486
92490
92492
92495
92497
92502
92504
92507
92509
92511
92513
92514
92515
92524
92535
92536
92537
92540
92542
92552
92556
92557
92558
92560
92566
92568
92580
92584
92592
92594
92599
92601
92605
92608
92613
92614
92616
92617
92618
92622
92625
92631
92633
92634
92647
92648
92650
92654
92655
92659
92660
92664
92665
92671
92674
92679
92680
92691
92693
92695
92697
92700
92709
92712
92716
92717
92718
92720
92724
92730
92731
92736
92738
92741
92742
92744
92747
92760
92761
92767
92769
92776
92780
92782
92786
92791
92794
92799
92803
92804
92809
92810
92814
92821
92823
92824
92831
92832
92834
92839
92840
92842
92844
92848
92857
92860
92862
92863
92864
92867
92873
92880
92887
92888
92897
92899
92904
92908
92909
92910
92912
92923
92925
92927
92928
92929
92938
92942
92944
92947
92948
92951
92953
92954
92965
92966
92968
92981
92982
92985
92986
92987
92994
92995
92999
93006
93007
93008
93009
93012
93023
93024
93032
93034
93043
93049
93052
93055
93058
93062
93066
93067
93071
93072
93074
93077
93078
93080
93082
93092
93117
93120
93126
93127
93129
93130
93132
93140
93141
93149
93151
93156
93158
93165
93169
93172
93173
93174
93183
93186
93191
93192
93193
93198
93199
93200
93203
93205
93206
93220
93225
93226
93228
93229
93235
93239
93241
93242
93244
93245
93247
93248
93254
93265
93266
93269
93272
93274
93277
93281
93282
93290
93293
93296
93310
93311
93314
93317
93333
93334
93335
93337
93338
93342
93343
93346
93349
93352
93353
93355
93357
93363
93368
93371
93372
93373
93376
93377
93378
93381
93386
93389
93397
93400
93407
93408
93411
93415
93416
93420
93429
93446
93449
93450
93454
93468
93481
93485
93490
93497
93498
93508
93512
93513
93515
93525
93526
93531
93536
93540
93541
93542
93551
93552
93553
93555
93556
93569
93575
93580
93581
93585
93588
93589
93591
93592
93595
93596
93605
93606
93608
93614
93616
93619
93620
93621
93623
93626
93628
93632
93635
93636
93637
93641
93650
93651
93655
93663
93664
93666
93670
93673
93675
93683
93684
93687
93691
93692
93693
93694
93703
93708
93710
93718
93719
93725
93731
93733
93734
93735
93746
93748
93754
93760
93764
93767
93771
93774
93782
93783
93784
93785
93789
93798
93804
93812
93813
93816
93819
93829
93833
93836
93837
93840
93842
93858
93860
93862
93865
93872
93873
93877
93879
93881
93886
93892
93905
93912
93921
93923
93925
93927
93928
93931
93934
93936
93937
93940
93941
93942
93946
93947
93951
93952
93953
93954
93960
93964
93972
93975
93977
93995
93998
94005
94008
94013
94017
94019
94020
94021
94023
94026
94029
94031
94034
94036
94038
94039
94040
94041
94044
94046
94047
94049
94052
94057
94061
94064
94067
94069
94074
94081
94083
94086
94090
94091
94097
94101
94106
94108
94112
94114
94115
94117
94128
94131
94134
94136
94137
94143
94149
94150
94155
94156
94157
94158
94160
94165
94169
94170
94172
94173
94178
94186
94188
94189
94193
94195
94196
94198
94200
94207
94220
94223
94226
94229
94230
94233
94236
94237
94238
94240
94242
94245
94246
94247
94249
94254
94263
94268
94271
94272
94273
94276
94280
94291
94297
94314
94315
94316
94317
94322
94332
94336
94340
94346
94347
94348
94355
94357
94360
94369
94373
94383
94384
94387
94388
94390
94398
94399
94403
94406
94408
94426
94428
94431
94436
94441
94443
94451
94452
94453
94454
94455
94459
94466
94468
94476
94477
94478
94480
94483
94488
94496
94503
94504
94506
94507
94512
94515
94520
94523
94524
94527
94533
94535
94536
94539
94540
94541
94542
94547
94549
94550
94555
94561
94566
94573
94578
94581
94588
94591
94596
94598
94610
94611
94621
94625
94639
94646
94652
94656
94662
94664
94669
94674
94675
94680
94681
94685
94686
94708
94709
94710
94711
94716
94717
94727
94728
94729
94732
94734
94738
94739
94743
94746
94752
94766
94775
94778
94785
94786
94792
94796
94798
94799
94803
94805
94816
94820
94823
94824
94825
94827
94829
94837
94841
94845
94846
94848
94852
94854
94855
94858
94869
94874
94882
94883
94886
94892
94899
94900
94901
94904
94905
94912
94926
94927
94937
94940
94947
94955
94961
94963
94964
94969
94971
94973
94982
94990
94994
94996
95003
95004
95006
95009
95016
95017
95019
95024
95027
95035
95037
95044
95045
95050
95059
95060
95061
95070
95076
95077
95079
95086
95088
95097
95102
95108
95113
95114
95117
95118
95120
95126
95128
95130
95131
95143
95144
95154
95156
95162
95168
95170
95171
95172
95176
95177
95180
95185
95190
95193
95196
95197
95199
95209
95211
95218
95221
95222
95228
95229
95231
95247
95250
95254
95257
95259
95260
95261
95264
95265
95273
95281
95282
95285
95286
95289
95300
95309
95311
95316
95319
95321
95322
95324
95326
95332
95334
95336
95338
95346
95347
95348
95368
95370
95374
95375
95379
95380
95388
95390
95412
95418
95420
95422
95424
95426
95428
95430
95440
95441
95443
95449
95454
95458
95467
95470
95473
95481
95486
95488
95493
95494
95495
95500
95503
95504
95506
95509
95510
95511
95512
95513
95514
95515
95519
95522
95525
95529
95533
95535
95536
95537
95539
95540
95545
95546
95550
95555
95560
95563
95567
95573
95583
95584
95585
95587
95590
95592
95597
95604
95607
95608
95610
95612
95618
95619
95626
95627
95635
95639
95642
95644
95645
95648
95656
95657
95661
95666
95667
95670
95675
95678
95682
95683
95689
95690
95693
95700
95702
95703
95704
95705
95724
95725
95727
95728
95732
95735
95738
95740
95742
95744
95745
95746
95750
95753
95761
95762
95764
95765
95766
95767
95768
95772
95775
95780
95785
95787
95789
95793
95798
95799
95802
95805
95806
95814
95818
95821
95822
95823
95824
95826
95833
95835
95837
95841
95846
95848
95849
95850
95852
95857
95859
95864
95865
95867
95868
95876
95880
95883
95886
95890
95894
95895
95896
95897
95905
95907
95923
95936
95940
95941
95942
95956
95962
95967
95972
95973
95974
95976
95981
95983
95988
95990
95992
96001
96005
96009
96011
96012
96014
96017
96019
96027
96030
96032
96034
96036
96040
96048
96055
96060
96072
96073
96076
96078
96082
96083
96092
96105
96106
96111
96113
96116
96121
96122
96128
96129
96132
96133
96134
96137
96141
96147
96150
96162
96166
96167
96168
96183
96184
96187
96197
96199
96203
96204
96208
96216
96223
96224
96226
96234
96235
96241
96249
96256
96270
96286
96287
96293
96303
96304
96312
96315
96319
96322
96327
96329
96333
96334
96336
96339
96342
96347
96356
96372
96373
96389
96391
96392
96397
96405
96422
96428
96436
96437
96441
96442
96448
96450
96453
96456
96457
96462
96466
96471
96472
96478
96480
96486
96488
96492
96495
96496
96508
96518
96525
96526
96527
96528
96537
96539
96540
96543
96544
96547
96549
96553
96554
96555
96557
96558
96559
96565
96568
96572
96574
96578
96579
96582
96588
96594
96600
96603
96604
96607
96608
96613
96614
96620
96626
96627
96630
96633
96638
96643
96644
96646
96652
96654
96655
96664
96665
96667
96668
96670
96671
96676
96684
96688
96693
96695
96704
96705
96707
96710
96711
96718
96726
96732
96735
96736
96740
96741
96747
96752
96755
96757
96760
96763
96765
96766
96767
96769
96771
96773
96789
96790
96792
96798
96801
96810
96813
96815
96822
96823
96826
96827
96828
96830
96832
96839
96843
96847
96848
96850
96852
96855
96862
96871
96874
96878
96886
96888
96892
96894
96897
96900
96902
96910
96911
96914
96915
96920
96922
96930
96934
96938
96940
96944
96948
96951
96955
96956
96957
96958
96967
96968
96970
96973
96981
96985
96994
96997
97000
97001
97005
97009
97017
97024
97026
97027
97028
97035
97036
97037
97038
97051
97064
97078
97080
97083
97092
97098
97100
97102
97107
97128
97129
97133
97135
97136
97138
97139
97140
97143
97150
97157
97158
97159
97161
97162
97163
97164
97170
97171
97180
97181
97183
97188
97193
97195
97196
97202
97204
97205
97207
97214
97217
97219
97222
97223
97232
97234
97236
97237
97238
97241
97245
97247
97249
97251
97255
97257
97260
97264
97274
97284
97288
97289
97293
97296
97307
97314
97316
97318
97322
97329
97332
97336
97341
97342
97352
97354
97361
97363
97364
97365
97372
97386
97388
97392
97397
97403
97405
97408
97412
97413
97419
97420
97421
97424
97425
97435
97441
97443
97445
97449
97451
97452
97454
97457
97463
97470
97472
97475
97482
97484
97494
97498
97507
97514
97517
97520
97521
97523
97525
97540
97543
97546
97552
97553
97558
97561
97563
97565
97569
97572
97587
97589
97591
97592
97601
97603
97604
97626
97627
97629
97630
97634
97637
97638
97639
97640
97651
97656
97657
97667
97671
97675
97676
97679
97680
97684
97685
97694
97698
97700
97706
97708
97710
97716
97718
97720
97721
97728
97733
97738
97740
97743
97755
97764
97766
97777
97779
97782
97784
97816
97820
97825
97829
97841
97843
97848
97857
97860
97861
97865
97875
97876
97879
97884
97891
97893
97894
97904
97907
97908
97910
97911
97912
97913
97915
97918
97919
97923
97924
97929
97930
97933
97937
97939
97948
97952
97956
97963
97967
97971
97985
97986
97988
97992
97993
97995
97999
98006
98008
98012
98014
98018
98019
98020
98023
98032
98052
98053
98058
98068
98076
98080
98082
98084
98087
98088
98089
98091
98097
98101
98103
98109
98110
98112
98113
98119
98121
98123
98127
98130
98136
98140
98152
98153
98159
98164
98168
98174
98189
98190
98191
98198
98208
98221
98225
98227
98230
98232
98234
98235
98241
98245
98246
98250
98251
98252
98254
98258
98260
98263
98268
98269
98273
98275
98276
98283
98284
98287
98290
98296
98297
98299
98301
98309
98312
98316
98332
98336
98342
98348
98353
98355
98360
98361
98371
98372
98373
98376
98378
98380
98390
98391
98393
98395
98399
98403
98408
98413
98427
98435
98437
98438
98448
98449
98451
98460
98473
98477
98479
98480
98486
98487
98488
98492
98506
98507
98510
98517
98518
98520
98529
98537
98538
98542
98545
98548
98550
98554
98562
98572
98577
98579
98580
98593
98597
98600
98601
98612
98617
98618
98628
98630
98635
98640
98641
98645
98653
98660
98665
98668
98674
98680
98682
98684
98689
98690
98697
98700
98704
98707
98715
98716
98718
98721
98723
98725
98726
98728
98729
98738
98739
98740
98741
98754
98758
98762
98763
98765
98767
98769
98770
98772
98773
98779
98786
98787
98789
98790
98797
98801
98807
98811
98813
98814
98816
98817
98823
98825
98826
98832
98835
98838
98839
98841
98842
98844
98846
98848
98852
98859
98862
98864
98867
98873
98874
98879
98885
98890
98891
98893
98897
98898
98900
98901
98910
98911
98912
98924
98926
98929
98931
98932
98933
98935
98942
98945
98946
98947
98951
98953
98956
98959
98960
98967
98968
98969
98977
98980
98981
98986
98990
98991
98995
99000
99013
99018
99019
99020
99021
99022
99025
99026
99029
99033
99038
99040
99041
99044
99047
99051
99056
99060
99062
99064
99067
99070
99073
99074
99081
99082
99089
99090
99095
99099
99102
99103
99106
99111
99112
99113
99115
99116
99119
99125
99127
99128
99130
99131
99134
99135
99138
99141
99142
99144
99148
99150
99151
99157
99160
99161
99174
99175
99177
99186
99187
99195
99197
99203
99211
99215
99218
99223
99228
99229
99239
99240
99242
99244
99245
99249
99253
99254
99256
99272
99278
99280
99281
99283
99285
99293
99294
99295
99304
99309
99312
99314
99315
99317
99319
99330
99339
99348
99351
99355
99359
99361
99371
99379
99381
99383
99384
99387
99397
99406
99410
99411
99413
99414
99418
99419
99422
99431
99434
99437
99441
99442
99444
99452
99457
99460
99467
99470
99472
99473
99477
99478
99485
99486
99500
99504
99507
99510
99511
99518
99529
99533
99536
99537
99559
99565
99571
99572
99577
99579
99581
99601
99607
99608
99613
99622
99626
99628
99632
99638
99645
99646
99648
99651
99653
99654
99657
99660
99668
99672
99679
99682
99687
99688
99690
99693
99696
99697
99701
99709
99715
99719
99722
99725
99729
99730
99735
99738
99742
99743
99745
99749
99759
99760
99761
99762
99765
99770
99772
99788
99794
99798
99806
99812
99814
99816
99821
99828
99838
99845
99852
99853
99862
99865
99866
99869
99870
99871
99879
99882
99885
99887
99888
99893
99895
99899
99907
99912
99920
99921
99923
99927
99928
99935
99936
99938
99941
99947
99948
99949
99955
99959
99961
99962
99963
99965
99967
99968
99970
99975
99979
99987
99990
99992
99994
99995
99996
100003
100008
100017
100021
100025
100026
100032
100035
100038
100040
100041
100043
100046
100049
100050
100056
100063
100068
100069
100074
100079
100085
100089
100093
100097
100103
100105
100108
100109
100112
100122
100124
100126
100128
100129
100132
100145
100151
100152
100160
100162
100164
100167
100173
100179
100180
100181
100183
100191
100195
100196
100198
100200
100206
100216
100219
100220
100221
100223
100230
100241
100248
100250
100251
100254
100256
100257
100258
100262
100265
100269
100272
100280
100284
100297
100298
100305
100312
100314
100316
100318
100321
100326
100328
100333
100334
100335
100342
100343
100349
100367
100375
100380
100382
100384
100393
100402
100403
100404
100410
100411
100413
100415
100416
100423
100426
100430
100447
100458
100465
100473
100486
100488
100494
100497
100498
100502
100507
100510
100515
100516
100517
100520
100523
100525
100533
100534
100539
100545
100547
100565
100570
100571
100578
100580
100583
100589
100591
100593
100594
100597
100599
100601
100602
100607
100608
100616
100618
100619
100625
100629
100630
100637
100638
100641
100648
100664
100668
100670
100681
100687
100692
100693
100694
100695
100699
100703
100705
100717
100720
100724
100725
100730
100735
100736
100737
100741
100742
100757
100759
100762
100767
100773
100774
100775
100782
100791
100792
100806
100810
100817
100818
100820
100827
100830
100835
100837
100838
100844
100845
100846
100848
100853
100854
100859
100865
100870
100875
100880
100883
100887
100889
100892
100893
100898
100899
100909
100910
100917
100918
100921
100924
100926
100933
100934
100938
100940
100947
100949
100955
100958
100962
100963
100966
100967
100972
100982
100986
100991
100992
100993
100994
100997
101001
101002
101006
101011
101018
101026
101027
101044
101045
101049
101051
101052
101054
101057
101061
101068
101072
101081
101089
101093
101095
101096
101102
101109
101110
101121
101122
101123
101132
101133
101144
101151
101157
101161
101162
101165
101168
101171
101185
101195
101199
101202
101214
101215
101220
101221
101223
101227
101233
101238
101239
101242
101244
101245
101251
101253
101259
101262
101264
101268
101271
101276
101280
101281
101282
101284
101285
101286
101289
101291
101301
101303
101305
101308
101319
101324
101325
101326
101327
101328
101335
101338
101345
101346
101348
101359
101361
101367
101376
101377
101383
101385
101390
101397
101402
101405
101406
101407
101410
101415
101418
101419
101422
101430
101436
101440
101445
101446
101450
101453
101458
101459
101462
101464
101469
101470
101471
101475
101477
101479
101483
101484
101485
101486
101490
101491
101493
101496
101501
101512
101518
101519
101520
101532
101533
101534
101535
101538
101539
101544
101548
101556
101557
101567
101573
101574
101577
101583
101601
101606
101609
101610
101613
101618
101620
101622
101626
101631
101637
101642
101643
101648
101649
101650
101655
101656
101665
101671
101672
101676
101678
101679
101684
101688
101689
101691
101695
101709
101710
101711
101713
101717
101720
101724
101726
101727
101728
101730
101732
101736
101739
101751
101752
101754
101755
101757
101760
101771
101773
101775
101780
101782
101783
101784
101785
101789
101801
101802
101803
101807
101808
101820
101822
101824
101825
101829
101831
101839
101840
101845
101848
101849
101850
101853
101855
101857
101859
101862
101864
101867
101868
101873
101874
101881
101882
101884
101893
101897
101899
101904
101913
101915
101919
101920
101924
101927
101931
101940
101944
101948
101950
101954
101957
101961
101968
101978
101983
101987
101997
101999
102002
102005
102010
102011
102018
102029
102034
102039
102041
102043
102044
102048
102049
102051
102057
102067
102070
102075
102078
102080
102082
102102
102109
102110
102113
102120
102121
102126
102129
102141
102147
102156
102162
102165
102166
102168
102170
102171
102173
102177
102178
102181
102187
102189
102196
102201
102208
102209
102215
102216
102220
102229
102233
102236
102238
102239
102244
102247
102275
102280
102281
102293
102294
102295
102300
102301
102302
102306
102311
102314
102317
102322
102323
102327
102328
102330
102339
102348
102349
102358
102361
102366
102371
102378
102386
102394
102398
102400
102402
102404
102414
102417
102421
102426
102439
102443
102449
102451
102452
102454
102458
102464
102470
102477
102484
102486
102490
102494
102499
102507
102508
102509
102514
102516
102523
102524
102528
102531
102534
102536
102537
102543
102559
102565
102569
102571
102573
102576
102578
102589
102592
102596
102602
102608
102612
102618
102626
102628
102630
102631
102633
102649
102651
102653
102658
102663
102664
102669
102676
102680
102683
102689
102691
102692
102696
102706
102709
102710
102714
102717
102718
102720
102728
102731
102734
102735
102737
102739
102745
102748
102752
102753
102755
102761
102762
102764
102772
102777
102780
102788
102789
102797
102799
102803
102804
102807
102810
102814
102815
102817
102818
102832
102839
102843
102855
102864
102866
102870
102871
102878
102882
102884
102891
102895
102898
102908
102916
102920
102927
102928
102932
102934
102941
102945
102948
102949
102950
102951
102954
102955
102963
102964
102974
102988
102992
102995
102998
102999
103002
103003
103004
103005
103021
103022
103024
103025
103027
103028
103036
103038
103039
103041
103042
103046
103048
103049
103052
103064
103065
103075
103076
103079
103084
103087
103088
103089
103091
103100
103108
103111
103121
103129
103130
103133
103140
103142
103147
103149
103152
103161
103167
103171
103177
103179
103183
103186
103187
103192
103194
103198
103204
103205
103216
103224
103232
103233
103242
103243
103245
103247
103254
103262
103265
103266
103271
103272
103275
103278
103286
103296
103298
103302
103304
103306
103312
103315
103323
103345
103346
103352
103356
103360
103366
103368
103371
103382
103384
103387
103389
103390
103396
103398
103399
103403
103409
103410
103412
103413
103414
103417
103420
103425
103429
103437
103442
103443
103449
103454
103458
103461
103463
103464
103465
103469
103470
103472
103474
103478
103481
103486
103490
103511
103512
103533
103544
103548
103552
103558
103561
103562
103564
103566
103567
103574
103580
103582
103593
103595
103600
103603
103608
103609
103610
103615
103621
103624
103625
103629
103630
103633
103634
103636
103646
103654
103660
103664
103670
103671
103674
103676
103679
103680
103684
103685
103689
103693
103695
103699
103701
103708
103709
103713
103725
103727
103730
103731
103736
103737
103738
103744
103745
103754
103755
103762
103763
103764
103771
103775
103777
103781
103782
103784
103790
103791
103796
103805
103818
103819
103824
103825
103827
103828
103837
103839
103841
103850
103853
103854
103855
103861
103869
103876
103879
103882
103888
103890
103902
103905
103909
103911
103920
103925
103934
103935
103946
103950
103953
103955
103958
103965
103974
103979
103987
103988
103991
103992
103996
104005
104006
104008
104011
104012
104013
104020
104025
104032
104033
104043
104044
104045
104050
104055
104056
104059
104061
104062
104064
104076
104080
104083
104085
104095
104098
104103
104104
104109
104116
104121
104122
104125
104132
104136
104142
104143
104146
104147
104149
104157
104158
104159
104164
104169
104172
104173
104181
104183
104200
104201
104209
104214
104224
104225
104230
104233
104239
104246
104248
104257
104259
104261
104263
104264
104266
104273
104274
104279
104280
104282
104283
104288
104296
104297
104298
104300
104302
104310
104312
104319
104325
104326
104328
104329
104333
104335
104341
104356
104357
104362
104363
104365
104367
104378
104379
104385
104388
104392
104394
104403
104405
104409
104412
104420
104426
104432
104436
104437
104442
104444
104446
104449
104466
104471
104474
104486
104488
104489
104491
104500
104510
104520
104528
104533
104538
104542
104543
104550
104553
104555
104556
104559
104570
104580
104584
104587
104597
104608
104609
104611
104612
104617
104618
104626
104629
104630
104634
104639
104641
104655
104659
104662
104668
104669
104672
104673
104676
104680
104683
104689
104697
104703
104707
104714
104715
104716
104727
104730
104738
104741
104742
104749
104751
104755
104757
104758
104761
104763
104773
104782
104788
104791
104794
104799
104804
104809
104810
104811
104821
104826
104833
104841
104845
104852
104856
104861
104864
104866
104877
104878
104881
104890
104893
104896
104899
104904
104913
104915
104920
104922
104924
104932
104933
104942
104946
104947
104948
104960
104963
104964
104965
104970
104974
104975
104992
105001
105006
105029
105031
105034
105035
105040
105042
105047
105054
105055
105056
105059
105064
105075
105079
105082
105087
105094
105101
105103
105104
105113
105119
105121
105123
105124
105141
105144
105146
105152
105156
105157
105159
105169
105173
105176
105182
105190
105191
105194
105195
105206
105209
105210
105217
105222
105227
105234
105237
105240
105253
105255
105264
105268
105272
105275
105290
105294
105295
105301
105302
105309
105310
105311
105320
105340
105343
105346
105354
105356
105357
105363
105368
105370
105375
105376
105379
105390
105394
105396
105398
105399
105400
105402
105403
105404
105412
105413
105423
105424
105430
105433
105450
105451
105455
105456
105458
105467
105471
105472
105473
105478
105480
105482
105485
105488
105493
105507
105511
105512
105521
105526
105529
105531
105534
105539
105547
105556
105562
105573
105586
105587
105597
105598
105601
105606
105610
105614
105616
105617
105618
105623
105629
105630
105645
105648
105663
105665
105669
105674
105675
105679
105682
105684
105685
105686
105688
105690
105691
105696
105697
105698
105699
105707
105709
105714
105722
105723
105726
105729
105731
105739
105743
105745
105746
105748
105751
105759
105764
105765
105768
105771
105775
105776
105777
105779
105789
105798
105799
105804
105805
105816
105820
105823
105824
105830
105835
105838
105839
105841
105851
105852
105856
105859
105862
105863
105866
105869
105876
105877
105879
105884
105885
105887
105888
105892
105896
105897
105898
105902
105909
105910
105913
105914
105915
105918
105919
105927
105929
105933
105936
105937
105939
105940
105955
105960
105962
105971
105973
105982
105988
105989
105994
105995
105997
106003
106008
106012
106017
106019
106026
106031
106040
106044
106045
106046
106047
106062
106072
106073
106075
106077
106091
106098
106099
106101
106106
106107
106119
106127
106133
106137
106148
106150
106153
106156
106162
106166
106170
106171
106178
106186
106192
106202
106204
106212
106215
106217
106219
106224
106225
106233
106236
106238
106239
106241
106256
106262
106266
106267
106272
106275
106277
106285
106292
106297
106299
106300
106305
106306
106309
106315
106319
106320
106321
106324
106325
106330
106332
106338
106339
106341
106348
106354
106358
106366
106372
106375
106380
106383
106388
106394
106399
106401
106409
106410
106416
106417
106420
106424
106427
106428
106436
106447
106460
106462
106463
106467
106468
106471
106475
106481
106485
106497
106498
106503
106506
106512
106514
106516
106521
106522
106524
106535
106539
106544
106549
106550
106552
106557
106559
106561
106562
106567
106574
106583
106589
106599
106603
106604
106607
106609
106610
106611
106613
106614
106617
106625
106626
106633
106643
106645
106649
106653
106663
106666
106667
106668
106685
106688
106689
106695
106696
106699
106708
106726
106730
106737
106738
106740
106745
106746
106747
106751
106760
106761
106763
106773
106784
106785
106787
106804
106806
106807
106808
106813
106815
106817
106818
106819
106826
106830
106833
106834
106840
106842
106843
106849
106852
106857
106860
106861
106862
106868
106877
106878
106879
106880
106883
106885
106891
106894
106896
106898
106913
106915
106920
106929
106932
106938
106939
106943
106946
106951
106952
106953
106956
106958
106959
106963
106976
106977
106981
106983
106984
106985
106990
106992
106994
106997
107000
107006
107014
107017
107018
107021
107026
107027
107038
107042
107049
107050
107051
107055
107064
107066
107085
107089
107090
107095
107097
107098
107102
107107
107113
107118
107119
107121
107122
107130
107131
107136
107139
107141
107142
107145
107164
107165
107166
107168
107171
107174
107175
107176
107178
107180
107183
107184
107192
107194
107195
107201
107205
107207
107209
107214
107226
107227
107244
107247
107251
107254
107257
107261
107264
107266
107268
107279
107280
107283
107284
107285
107287
107295
107296
107299
107301
107302
107306
107314
107321
107322
107325
107328
107329
107330
107331
107341
107347
107348
107349
107350
107351
107352
107354
107355
107356
107357
107367
107368
107370
107377
107378
107380
107382
107385
107389
107394
107396
107397
107398
107402
107408
107415
107422
107426
107427
107428
107430
107436
107442
107444
107448
107454
107461
107462
107474
107475
107478
107479
107482
107483
107484
107485
107494
107506
107509
107511
107512
107515
107528
107529
107545
107548
107562
107576
107578
107580
107582
107584
107588
107593
107596
107603
107606
107610
107614
107618
107626
107628
107633
107635
107637
107638
107646
107648
107649
107657
107661
107670
107673
107676
107677
107692
107693
107696
107697
107703
107706
107707
107710
107713
107724
107732
107735
107740
107742
107743
107744
107760
107763
107768
107772
107774
107783
107787
107791
107796
107798
107801
107806
107808
107809
107816
107824
107825
107830
107839
107841
107854
107857
107859
107861
107867
107873
107876
107880
107887
107890
107892
107894
107902
107909
107915
107920
107923
107925
107936
107939
107941
107952
107954
107955
107958
107960
107965
107979
107983
107993
107995
107998
108002
108011
108013
108014
108020
108021
108026
108029
108033
108038
108041
108043
108048
108053
108061
108062
108066
108073
108074
108078
108080
108082
108106
108109
108112
108115
108116
108118
108124
108127
108129
108133
108141
108148
108151
108152
108155
108159
108162
108163
108164
108171
108174
108183
108184
108185
108194
108200
108202
108204
108207
108210
108213
108218
108223
108225
108229
108230
108236
108242
108243
108244
108248
108249
108258
108259
108264
108267
108271
108274
108276
108277
108278
108280
108287
108289
108292
108295
108300
108306
108315
108318
108320
108324
108325
108326
108327
108331
108333
108336
108339
108346
108348
108354
108355
108356
108358
108384
108401
108406
108440
108449
108452
108453
108461
108462
108464
108470
108481
108483
108484
108491
108496
108499
108503
108505
108508
108517
108522
108525
108526
108531
108533
108534
108537
108546
108553
108559
108563
108571
108574
108578
108585
108591
108592
108593
108600
108601
108603
108607
108609
108611
108612
108618
108630
108634
108635
108642
108652
108656
108657
108661
108662
108667
108670
108671
108673
108680
108683
108686
108688
108690
108691
108696
108697
108702
108705
108706
108712
108715
108718
108722
108724
108734
108736
108738
108746
108752
108759
108761
108764
108774
108780
108781
108782
108790
108796
108801
108813
108817
108819
108827
108833
108834
108836
108839
108845
108847
108857
108862
108866
108868
108878
108880
108882
108883
108889
108900
108901
108902
108903
108904
108909
108914
108915
108919
108924
108929
108931
108933
108937
108939
108941
108948
108949
108956
108958
108966
108974
108976
108978
108983
108985
108986
108989
108990
108997
108998
109001
109006
109007
109013
109016
109021
109031
109034
109037
109039
109049
109055
109056
109059
109060
109064
109077
109079
109081
109087
109088
109090
109099
109103
109105
109109
109111
109114
109115
109116
109119
109123
109129
109130
109131
109136
109142
109147
109154
109166
109169
109170
109171
109172
109173
109175
109181
109182
109185
109189
109190
109191
109198
109200
109206
109211
109214
109217
109228
109231
109232
109237
109261
109268
109271
109278
109280
109286
109289
109290
109294
109296
109297
109302
109304
109305
109306
109313
109314
109323
109325
109326
109327
109332
109334
109335
109341
109342
109344
109346
109354
109366
109368
109372
109378
109379
109384
109390
109396
109400
109402
109403
109411
109418
109424
109428
109431
109440
109444
109449
109450
109454
109457
109464
109474
109477
109478
109485
109488
109492
109493
109494
109511
109519
109522
109523
109524
109530
109531
109534
109546
109550
109559
109561
109566
109568
109569
109571
109572
109585
109586
109595
109602
109605
109607
109621
109622
109625
109627
109641
109643
109674
109680
109685
109688
109695
109698
109699
109702
109706
109712
109722
109727
109731
109738
109739
109740
109744
109751
109753
109754
109758
109761
109764
109768
109777
109782
109785
109789
109794
109797
109798
109802
109804
109807
109808
109812
109814
109816
109824
109827
109833
109838
109843
109844
109845
109846
109851
109853
109855
109857
109863
109870
109874
109875
109876
109878
109889
109890
109892
109897
109898
109900
109904
109908
109916
109917
109918
109922
109923
109926
109937
109938
109940
109949
109952
109959
109969
109975
109980
109983
109985
109996
109999
110002
110009
110010
110016
110017
110019
110027
110030
110034
110036
110045
110047
110048
110052
110056
110057
110067
110069
110075
110076
110078
110080
110082
110088
110094
110096
110101
110106
110107
110109
110113
110118
110124
110126
110129
110145
110158
110163
110166
110169
110199
110202
110208
110213
110217
110229
110249
110259
110261
110270
110272
110275
110277
110279
110281
110293
110298
110302
110311
110314
110316
110317
110320
110323
110326
110328
110333
110337
110349
110353
110356
110361
110364
110365
110367
110370
110371
110373
110374
110376
110378
110382
110383
110391
110393
110394
110403
110405
110407
110408
110410
110413
110416
110417
110420
110421
110422
110429
110433
110437
110442
110443
110448
110450
110452
110456
110462
110465
110468
110471
110473
110475
110477
110492
110493
110495
110497
110501
110512
110521
110522
110525
110526
110532
110540
110541
110549
110550
110553
110559
110567
110569
110572
110574
110576
110595
110597
110602
110605
110607
110609
110611
110612
110613
110617
110619
110621
110624
110628
110629
110630
110634
110643
110645
110647
110650
110653
110655
110662
110663
110669
110673
110676
110678
110680
110694
110696
110698
110699
110700
110704
110705
110706
110718
110723
110725
110732
110733
110736
110737
110740
110756
110758
110759
110762
110772
110773
110774
110777
110792
110799
110800
110816
110819
110826
110847
110850
110855
110860
110868
110887
110888
110894
110895
110896
110901
110912
110920
110926
110929
110932
110934
110937
110950
110961
110963
110964
110968
110969
110972
110973
110980
110981
110982
110983
110987
110988
110993
110995
111000
111005
111025
111031
111034
111038
111045
111049
111050
111053
111055
111056
111063
111077
111078
111079
111085
111087
111093
111094
111098
111100
111106
111108
111111
111116
111119
111120
111121
111125
111131
111132
111137
111146
111148
111150
111153
111156
111167
111168
111170
111172
111173
111176
111184
111185
111190
111191
111195
111197
111198
111211
111214
111216
111217
111222
111232
111236
111243
111246
111252
111259
111260
111262
111268
111271
111280
111284
111287
111294
111304
111306
111307
111316
111317
111318
111333
111334
111337
111341
111348
111349
111351
111352
111357
111358
111360
111363
111366
111370
111378
111379
111380
111383
111389
111391
111395
111399
111400
111409
111415
111419
111423
111433
111447
111451
111453
111454
111458
111463
111477
111478
111482
111485
111490
111500
111503
111505
111508
111510
111518
111520
111535
111536
111545
111546
111547
111548
111552
111555
111558
111559
111566
111567
111569
111571
111573
111576
111584
111585
111586
111603
111607
111609
111614
111616
111618
111619
111620
111622
111627
111631
111635
111637
111652
111656
111659
111665
111666
111671
111677
111678
111685
111687
111690
111695
111701
111703
111704
111707
111712
111715
111723
111730
111736
111737
111738
111742
111745
111747
111748
111756
111757
111762
111763
111766
111771
111774
111778
111791
111792
111802
111803
111808
111812
111823
111829
111831
111836
111838
111841
111856
111862
111868
111870
111871
111875
111880
111889
111891
111896
111911
111913
111917
111918
111919
111937
111938
111950
111952
111959
111962
111963
111971
111975
111977
111981
111994
111995
111997
111998
112002
112003
112007
112013
112016
112020
112023
112025
112030
112034
112037
112050
112053
112055
112065
112066
112073
112074
112079
112085
112089
112090
112093
112094
112102
112103
112108
112111
112112
112125
112126
112134
112135
112139
112142
112144
112145
112146
112150
112151
112155
112157
112166
112168
112178
112180
112183
112188
112190
112191
112192
112193
112194
112201
112204
112208
112209
112212
112216
112219
112220
112226
112244
112245
112246
112260
112266
112269
112274
112279
112288
112289
112292
112297
112302
112316
112318
112320
112321
112329
112331
112333
112339
112347
112352
112355
112359
112360
112361
112363
112364
112371
112372
112373
112376
112377
112379
112380
112383
112384
112391
112397
112399
112400
112410
112415
112418
112419
112422
112425
112431
112434
112443
112444
112447
112448
112451
112454
112456
112466
112475
112482
112493
112496
112502
112509
112518
112525
112535
112545
112550
112558
112568
112570
112572
112575
112576
112578
112590
112592
112595
112597
112600
112603
112610
112614
112616
112617
112626
112631
112632
112636
112641
112642
112643
112648
112651
112654
112661
112670
112672
112674
112678
112679
112683
112687
112692
112697
112701
112702
112710
112713
112717
112722
112730
112737
112739
112744
112745
112761
112764
112765
112766
112770
112777
112802
112805
112808
112809
112810
112820
112830
112835
112847
112849
112851
112865
112867
112868
112869
112879
112893
112894
112900
112901
112905
112910
112915
112927
112931
112938
112939
112940
112941
112951
112952
112969
112970
112976
112978
112979
112981
112982
112983
112987
112988
113007
113018
113023
113034
113043
113044
113052
113055
113063
113064
113069
113070
113073
113083
113084
113085
113088
113095
113098
113101
113107
113120
113140
113145
113148
113149
113151
113157
113158
113160
113164
113168
113171
113175
113186
113187
113190
113196
113198
113199
113202
113203
113206
113209
113216
113224
113243
113244
113257
113259
113265
113299
113304
113314
113321
113324
113326
113327
113331
113333
113335
113336
113338
113353
113356
113367
113377
113387
113390
113396
113409
113410
113411
113412
113416
113417
113422
113423
113428
113431
113436
113437
113442
113443
113445
113446
113455
113456
113464
113466
113472
113479
113487
113489
113491
113495
113498
113500
113504
113506
113510
113511
113513
113515
113517
113519
113520
113524
113525
113529
113532
113540
113541
113546
113549
113550
113558
113572
113573
113576
113580
113585
113590
113593
113599
113602
113605
113611
113618
113621
113623
113637
113638
113640
113649
113651
113654
113659
113664
113666
113669
113679
113681
113682
113684
113688
113695
113696
113697
113702
113720
113726
113739
113740
113744
113750
113751
113752
113764
113772
113775
113776
113777
113778
113791
113797
113800
113816
113817
113820
113824
113825
113826
113828
113838
113843
113844
113846
113848
113849
113853
113858
113862
113869
113872
113875
113877
113878
113894
113916
113918
113923
113925
113929
113933
113938
113947
113953
113955
113959
113965
113966
113974
113982
113986
113994
113998
114000
114003
114011
114012
114024
114025
114028
114038
114039
114040
114053
114060
114068
114078
114079
114088
114090
114093
114094
114096
114097
114099
114100
114107
114117
114120
114121
114131
114140
114142
114152
114163
114165
114166
114171
114174
114178
114180
114182
114184
114185
114187
114192
114195
114196
114210
114213
114218
114219
114220
114225
114236
114237
114242
114251
114252
114254
114258
114261
114263
114267
114272
114278
114286
114290
114292
114293
114307
114315
114318
114341
114343
114347
114350
114352
114356
114362
114363
114365
114370
114376
114380
114383
114390
114393
114400
114401
114402
114405
114411
114415
114420
114428
114432
114435
114437
114448
114453
114455
114460
114464
114466
114472
114477
114478
114482
114486
114487
114497
114500
114503
114504
114512
114514
114522
114523
114525
114527
114528
114545
114546
114550
114552
114557
114559
114570
114580
114586
114595
114599
114610
114613
114617
114620
114622
114629
114630
114635
114637
114640
114657
114659
114661
114664
114665
114666
114674
114675
114676
114686
114691
114702
114703
114710
114718
114723
114724
114729
114731
114740
114741
114742
114747
114758
114759
114761
114768
114771
114783
114785
114788
114793
114803
114805
114806
114813
114814
114816
114817
114818
114821
114828
114830
114834
114839
114844
114851
114854
114859
114867
114872
114879
114880
114889
114892
114904
114905
114917
114919
114924
114925
114929
114931
114932
114935
114936
114940
114941
114945
114948
114952
114956
114958
114973
114976
114977
114983
114986
114989
114991
114996
114998
115006
115011
115013
115021
115023
115025
115029
115037
115038
115043
115044
115046
115050
115052
115059
115070
115072
115073
115081
115084
115085
115087
115088
115090
115091
115100
115103
115116
115118
115119
115123
115129
115136
115145
115154
115161
115171
115176
115198
115199
115202
115214
115219
115222
115227
115230
115232
115241
115256
115257
115267
115284
115297
115308
115312
115314
115321
115323
115325
115331
115335
115336
115337
115338
115343
115348
115350
115351
115357
115373
115377
115381
115387
115394
115397
115400
115403
115418
115420
115430
115435
115439
115441
115442
115447
115448
115455
115460
115473
115474
115475
115476
115479
115480
115481
115485
115494
115497
115501
115505
115509
115517
115520
115523
115524
115525
115526
115529
115533
115534
115536
115542
115554
115560
115561
115564
115575
115580
115586
115587
115588
115592
115599
115600
115607
115620
115623
115626
115633
115636
115644
115654
115656
115685
115690
115696
115702
115712
115726
115728
115733
115738
115740
115743
115751
115760
115763
115770
115773
115777
115785
115786
115792
115794
115795
115799
115802
115806
115807
115810
115815
115821
115828
115833
115834
115836
115838
115839
115845
115847
115850
115851
115854
115855
115857
115860
115886
115895
115898
115902
115903
115905
115906
115907
115909
115910
115919
115926
115931
115939
115948
115958
115961
115971
115975
115983
115990
115992
115995
116005
116008
116009
116011
116020
116021
116026
116030
116033
116034
116036
116039
116041
116050
116051
116053
116059
116062
116069
116075
116077
116078
116082
116084
116089
116093
116094
116095
116103
116115
116117
116118
116127
116134
116144
116145
116149
116161
116164
116171
116179
116182
116184
116189
116193
116196
116197
116201
116203
116206
116212
116214
116215
116219
116223
116226
116231
116234
116242
116243
116246
116249
116259
116260
116267
116280
116287
116288
116292
116293
116299
116308
116324
116327
116335
116342
116343
116344
116347
116348
116352
116354
116357
116374
116386
116397
116399
116402
116407
116418
116419
116422
116432
116439
116449
116451
116455
116464
116465
116468
116473
116480
116487
116491
116499
116511
116513
116517
116520
116521
116528
116530
116535
116551
116552
116555
116560
116572
116581
116582
116588
116589
116590
116595
116599
116600
116604
116609
116610
116616
116623
116625
116637
116638
116640
116645
116646
116658
116663
116667
116674
116675
116676
116677
116683
116687
116692
116696
116705
116715
116723
116725
116728
116729
116733
116734
116739
116750
116758
116760
116766
116770
116785
116790
116791
116792
116810
116815
116840
116853
116861
116863
116872
116877
116878
116883
116886
116895
116896
116900
116914
116917
116921
116925
116927
116929
116931
116932
116933
116934
116936
116939
116946
116953
116958
116962
116968
116982
116994
116999
117003
117004
117010
117011
117014
117022
117029
117038
117049
117050
117057
117063
117068
117085
117089
117091
117098
117100
117107
117111
117117
117130
117135
117147
117149
117150
117153
117159
117161
117163
117174
117175
117177
117178
117179
117184
117192
117194
117195
117197
117199
117200
117201
117207
117213
117214
117217
117218
117219
117220
117222
117231
117232
117247
117253
117255
117256
117262
117263
117269
117273
117277
117279
117284
117285
117287
117294
117297
117298
117299
117301
117305
117309
117322
117330
117341
117343
117356
117362
117363
117368
117373
117375
117382
117387
117388
117392
117398
117404
117408
117411
117420
117424
117430
117431
117433
117440
117441
117447
117457
117463
117472
117478
117482
117483
117486
117491
117495
117497
117500
117508
117513
117527
117529
117534
117536
117538
117540
117544
117545
117552
117555
117556
117560
117562
117564
117571
117576
117579
117580
117583
117588
117591
117592
117597
117606
117608
117617
117618
117621
117627
117628
117632
117639
117644
117647
117651
117652
117654
117657
117666
117670
117684
117686
117688
117691
117692
117694
117696
117697
117698
117700
117706
117711
117714
117716
117717
117718
117723
117724
117725
117729
117739
117747
117753
117754
117755
117757
117760
117762
117768
117775
117778
117782
117795
117799
117822
117824
117825
117826
117840
117855
117870
117873
117874
117875
117877
117885
117886
117888
117898
117901
117904
117905
117906
117907
117908
117910
117916
117922
117926
117947
117957
117965
117968
117973
117982
117983
117988
117991
117994
117998
117999
118007
118012
118013
118016
118017
118027
118028
118029
118031
118033
118035
118038
118045
118059
118062
118064
118065
118069
118077
118080
118090
118094
118097
118098
118102
118103
118105
118106
118109
118110
118111
118113
118116
118118
118121
118124
118131
118145
118146
118149
118152
118153
118156
118157
118162
118163
118170
118171
118177
118191
118193
118194
118195
118200
118211
118222
118229
118237
118238
118240
118243
118246
118247
118251
118255
118267
118272
118274
118278
118279
118283
118288
118289
118290
118293
118294
118295
118301
118303
118312
118315
118327
118338
118339
118340
118345
118349
118351
118352
118355
118359
118363
118370
118383
118404
118408
118409
118415
118422
118431
118433
118434
118443
118448
118449
118457
118462
118473
118475
118477
118481
118482
118486
118490
118491
118492
118510
118512
118519
118520
118524
118530
118531
118532
118535
118538
118543
118544
118547
118550
118555
118560
118566
118567
118585
118586
118587
118588
118589
118593
118604
118606
118612
118617
118619
118621
118627
118628
118635
118639
118647
118656
118668
118670
118672
118678
118690
118693
118700
118704
118706
118719
118727
118747
118753
118754
118760
118762
118764
118767
118770
118775
118791
118797
118799
118802
118805
118808
118812
118815
118819
118825
118832
118834
118835
118839
118847
118848
118849
118857
118861
118867
118880
118887
118891
118899
118903
118910
118912
118913
118931
118936
118938
118942
118946
118948
118949
118960
118966
118967
118969
118976
118977
118984
118988
118993
118994
119005
119013
119016
119017
119018
119019
119020
119025
119034
119040
119041
119043
119044
119052
119054
119063
119073
119075
119076
119078
119083
119085
119099
119107
119115
119123
119131
119137
119141
119149
119150
119162
119171
119174
119175
119179
119182
119189
119192
119195
119196
119200
119202
119211
119212
119214
119215
119220
119230
119235
119236
119248
119252
119262
119273
119276
119277
119286
119287
119291
119292
119293
119294
119298
119307
119308
119309
119313
119315
119321
119327
119340
119343
119348
119353
119354
119359
119365
119378
119380
119381
119383
119386
119392
119394
119401
119411
119413
119421
119422
119426
119427
119430
119435
119436
119437
119439
119442
119451
119454
119456
119461
119465
119472
119474
119481
119482
119485
119490
119492
119496
119504
119511
119512
119515
119530
119545
119548
119551
119559
119562
119568
119573
119574
119577
119578
119580
119593
119617
119623
119626
119630
119638
119645
119651
119654
119656
119666
119673
119683
119685
119693
119703
119706
119721
119725
119730
119734
119739
119742
119743
119747
119748
119749
119751
119752
119757
119766
119776
119787
119788
119791
119792
119799
119800
119801
119811
119829
119830
119840
119842
119843
119863
119868
119870
119882
119883
119885
119887
119888
119889
119896
119899
119905
119909
119910
119920
119937
119938
119941
119945
119946
119952
119970
119972
119977
119982
119984
119990
120000
120004
120010
120011
120012
120013
120017
120019
120025
120036
120045
120055
120062
120075
120079
120083
120085
120088
120091
120095
120096
120105
120121
120125
120143
120149
120150
120151
120155
120156
120157
120165
120167
120181
120183
120185
120190
120196
120206
120222
120225
120231
120236
120238
120239
120251
120253
120255
120256
120260
120265
120270
120271
120275
120277
120288
120292
120301
120303
120306
120307
120309
120311
120320
120321
120325
120334
120339
120340
120345
120346
120357
120365
120366
120367
120368
120385
120387
120389
120390
120391
120393
120403
120407
120412
120413
120437
120448
120457
120474
120481
120494
120511
120512
120522
120524
120526
120542
120545
120551
120557
120567
120578
120591
120593
120597
120600
120608
120619
120628
120629
120633
120637
120638
120640
120644
120646
120649
120655
120658
120661
120672
120673
120675
120682
120697
120707
120711
120732
120745
120750
120759
120761
120763
120764
120766
120770
120771
120776
120780
120784
120785
120804
120822
120823
120828
120841
120842
120843
120846
120847
120850
120851
120857
120863
120864
120881
120884
120898
120909
120911
120912
120913
120917
120919
120950
120951
120956
120969
120973
120974
120977
120984
120985
120991
120997
120999
121001
121011
121019
121020
121023
121027
121028
121039
121040
121069
121078
121082
121084
121085
121088
121093
121096
121099
121100
121101
121110
121111
121113
121116
121125
121127
121132
121135
121139
121143
121144
121161
121169
121170
121171
121173
121175
121176
121182
121187
121188
121190
121192
121194
121201
121209
121211
121215
121216
121218
121222
121228
121231
121233
121241
121242
121245
121248
121250
121252
121255
121259
121262
121266
121270
121274
121278
121295
121299
121309
121310
121311
121312
121317
121319
121320
121324
121325
121328
121329
121336
121343
121347
121352
121359
121365
121382
121383
121385
121399
121400
121402
121403
121404
121406
121422
121425
121434
121435
121442
121444
121446
121447
121448
121459
121460
121461
121462
121474
121482
121483
121491
121492
121503
121506
121507
121509
121511
121512
121514
121519
121525
121527
121534
121535
121538
121541
121542
121544
121545
121548
121553
121557
121562
121566
121567
121576
121578
121585
121595
121596
121604
121606
121608
121609
121612
121613
121616
121625
121627
121630
121635
121636
121637
121638
121646
121652
121655
121662
121679
121687
121690
121693
121694
121701
121704
121711
121714
121721
121722
121723
121725
121729
121730
121738
121741
121742
121748
121758
121771
121779
121804
121809
121813
121816
121823
121833
121841
121844
121845
121857
121861
121869
121870
121873
121877
121884
121887
121897
121903
121905
121909
121911
121917
121931
121932
121941
121952
121958
121961
121964
121971
121975
121985
121987
121990
121991
121992
121996
122006
122010
122016
122017
122024
122025
122029
122034
122040
122046
122047
122052
122053
122055
122058
122065
122067
122068
122078
122090
122095
122096
122097
122118
122125
122126
122128
122129
122130
122134
122143
122162
122164
122166
122168
122170
122172
122173
122175
122178
122188
122189
122196
122197
122204
122206
122208
122212
122214
122216
122219
122222
122223
122229
122231
122234
122237
122238
122239
122242
122244
122248
122252
122254
122261
122262
122264
122265
122269
122311
122312
122314
122318
122321
122326
122328
122330
122332
122363
122370
122371
122375
122383
122384
122394
122398
122399
122401
122405
122406
122410
122411
122412
122413
122415
122419
122423
122427
122429
122436
122437
122440
122451
122459
122460
122477
122478
122479
122486
122487
122495
122496
122501
122518
122530
122534
122535
122553
122557
122563
122566
122573
122576
122578
122580
122592
122593
122597
122598
122605
122617
122622
122623
122628
122629
122641
122647
122652
122656
122660
122669
122672
122673
122678
122682
122689
122690
122700
122706
122707
122708
122709
122714
122719
122724
122733
122734
122742
122747
122750
122754
122762
122766
122770
122771
122773
122776
122780
122782
122788
122796
122797
122808
122810
122813
122821
122825
122828
122837
122843
122847
122849
122851
122852
122861
122866
122869
122871
122874
122879
122881
122882
122887
122891
122900
122901
122903
122911
122917
122920
122922
122923
122927
122931
122946
122956
122963
122967
122973
122984
122986
122989
122990
123000
123002
123005
123016
123017
123020
123022
123027
123032
123033
123035
123037
123040
123048
123068
123070
123085
123086
123091
123101
123102
123107
123109
123114
123116
123126
123127
123128
123133
123144
123145
123148
123153
123158
123159
123165
123170
123183
123189
123202
123204
123206
123210
123213
123216
123228
123237
123246
123247
123248
123253
123258
123261
123263
123264
123266
123267
123270
123283
123297
123311
123320
123333
123335
123338
123340
123352
123353
123355
123357
123364
123368
123370
123379
123381
123385
123389
123390
123394
123399
123404
123413
123423
123425
123426
123429
123436
123437
123443
123454
123455
123457
123458
123459
123461
123469
123473
123481
123482
123486
123492
123495
123506
123515
123517
123522
123533
123536
123538
123542
123544
123558
123561
123572
123573
123580
123581
123585
123586
123596
123597
123601
123603
123608
123618
123623
123626
123627
123629
123630
123636
123637
123643
123652
123653
123661
123664
123666
123671
123674
123679
123690
123692
123697
123704
123706
123709
123716
123718
123733
123734
123735
123741
123753
123757
123773
123776
123785
123786
123796
123810
123814
123815
123820
123823
123829
123839
123846
123849
123853
123859
123870
123872
123876
123878
123879
123894
123902
123909
123918
123919
123920
123922
123923
123927
123931
123939
123951
123954
123958
123963
123980
123984
123991
123993
123994
123996
123997
124002
124005
124008
124010
124012
124024
124029
124032
124035
124037
124043
124048
124054
124055
124057
124060
124066
124069
124073
124078
124082
124085
124087
124095
124100
124105
124106
124108
124111
124114
124126
124128
124130
124131
124135
124137
124141
124148
124161
124170
124172
124177
124183
124192
124195
124209
124214
124215
124216
124218
124223
124226
124228
124230
124239
124240
124251
124252
124257
124259
124264
124269
124273
124274
124275
124280
124283
124292
124299
124305
124306
124312
124315
124325
124329
124330
124333
124346
124356
124363
124370
124371
124374
124378
124386
124388
124392
124394
124397
124401
124406
124407
124409
124413
124422
124428
124432
124438
124439
124440
124454
124455
124463
124468
124469
124471
124472
124477
124478
124488
124492
124497
124499
124502
124503
124510
124514
124520
124523
124526
124527
124531
124538
124540
124542
124549
124552
124562
124564
124570
124571
124575
124580
124587
124593
124594
124598
124599
124602
124603
124604
124608
124609
124622
124629
124630
124632
124634
124635
124637
124648
124652
124653
124659
124664
124665
124675
124676
124681
124682
124683
124688
124689
124690
124691
124694
124697
124703
124707
124709
124714
124715
124717
124750
124754
124764
124779
124786
124789
124792
124795
124808
124809
124812
124813
124819
124821
124822
124832
124836
124845
124849
124850
124852
124855
124866
124868
124883
124890
124892
124893
124896
124898
124899
124902
124905
124909
124914
124916
124919
124925
124932
124940
124944
124950
124951
124963
124965
124968
124975
124983
124986
124990
124997
125008
125010
125011
125014
125016
125017
125019
125024
125026
125027
125033
125035
125040
125044
125055
125060
125067
125073
125074
125079
125080
125085
125086
125087
125093
125100
125102
125103
125113
125114
125121
125123
125127
125130
125133
125134
125137
125138
125141
125143
125156
125157
125167
125169
125175
125180
125183
125185
125188
125189
125191
125196
125197
125201
125211
125213
125215
125222
125226
125234
125235
125240
125242
125246
125247
125250
125252
125253
125254
125265
125268
125278
125281
125282
125296
125300
125301
125304
125306
125307
125310
125311
125316
125319
125326
125328
125329
125346
125350
125351
125353
125357
125360
125364
125368
125375
125386
125389
125393
125395
125397
125402
125404
125407
125414
125415
125418
125422
125427
125436
125439
125444
125446
125453
125458
125460
125462
125470
125474
125477
125479
125482
125485
125487
125505
125514
125516
125525
125527
125531
125540
125549
125555
125556
125560
125561
125564
125567
125569
125571
125573
125576
125577
125578
125579
125582
125586
125587
125590
125605
125609
125610
125611
125620
125625
125636
125637
125644
125646
125647
125669
125671
125673
125677
125681
125683
125684
125689
125694
125697
125702
125713
125715
125721
125723
125731
125738
125742
125747
125756
125761
125762
125763
125767
125771
125773
125779
125787
125788
125792
125793
125800
125801
125806
125809
125815
125818
125819
125830
125837
125838
125840
125844
125857
125859
125863
125869
125872
125875
125878
125881
125889
125892
125896
125898
125900
125901
125902
125907
125918
125926
125931
125933
125934
125937
125939
125943
125947
125961
125962
125966
125977
125979
125989
125992
126002
126011
126018
126029
126038
126042
126045
126051
126055
126056
126057
126067
126072
126075
126076
126082
126085
126096
126099
126106
126111
126125
126129
126130
126139
126148
126150
126155
126158
126171
126174
126178
126187
126189
126190
126198
126201
126205
126209
126223
126225
126227
126230
126235
126238
126239
126245
126248
126254
126255
126264
126268
126300
126308
126309
126314
126317
126321
126326
126327
126328
126344
126345
126347
126348
126349
126350
126356
126369
126372
126385
126392
126395
126399
126404
126414
126418
126422
126425
126428
126431
126432
126442
126451
126453
126456
126467
126470
126480
126481
126484
126488
126492
126495
126498
126502
126506
126524
126526
126527
126539
126542
126551
126552
126554
126556
126557
126559
126563
126566
126570
126582
126585
126586
126587
126594
126597
126602
126604
126612
126623
126624
126644
126646
126647
126649
126659
126662
126663
126667
126668
126669
126674
126676
126686
126699
126700
126704
126707
126708
126709
126711
126715
126719
126724
126725
126730
126753
126757
126760
126771
126795
126800
126804
126816
126826
126831
126855
126856
126861
126863
126872
126878
126879
126880
126883
126891
126893
126898
126902
126905
126915
126918
126931
126939
126940
126944
126950
126952
126964
126969
126970
126972
126973
126974
126975
126988
126993
126998
126999
127003
127005
127009
127015
127027
127036
127038
127039
127047
127050
127057
127079
127086
127101
127102
127113
127114
127119
127128
127147
127148
127151
127152
127155
127158
127163
127172
127173
127184
127190
127202
127210
127215
127216
127217
127230
127238
127239
127241
127247
127248
127251
127259
127265
127268
127280
127282
127283
127290
127296
127304
127309
127321
127335
127340
127345
127360
127372
127374
127376
127378
127388
127392
127398
127411
127426
127427
127435
127437
127440
127442
127449
127453
127456
127472
127475
127476
127482
127485
127490
127495
127501
127506
127508
127509
127514
127516
127517
127520
127526
127529
127535
127540
127554
127557
127558
127560
127570
127578
127583
127591
127596
127606
127613
127619
127622
127626
127627
127641
127644
127647
127650
127651
127656
127659
127662
127664
127665
127668
127671
127681
127684
127689
127700
127707
127715
127725
127731
127735
127736
127742
127751
127762
127764
127787
127788
127790
127795
127804
127808
127809
127810
127812
127824
127826
127827
127841
127845
127856
127869
127870
127884
127899
127903
127910
127912
127925
127928
127931
127932
127937
127945
127952
127957
127961
127964
127986
127994
127998
127999
128005
128008
128012
128013
128015
128017
128020
128023
128027
128043
128048
128050
128051
128059
128068
128072
128073
128078
128100
128103
128107
128113
128118
128125
128128
128135
128138
128139
128140
128141
128146
128147
128148
128150
128151
128159
128161
128163
128164
128168
128176
128177
128181
128182
128187
128195
128202
128207
128208
128212
128222
128227
128231
128250
128266
128268
128269
128274
128275
128277
128289
128294
128295
128297
128299
128304
128309
128313
128316
128318
128321
128325
128328
128342
128349
128351
128352
128355
128366
128375
128379
128382
128385
128386
128394
128398
128401
128402
128405
128416
128418
128439
128441
128443
128444
128446
128461
128470
128472
128477
128480
128484
128489
128496
128499
128500
128505
128508
128509
128512
128521
128522
128525
128533
128538
128543
128545
128547
128551
128571
128572
128587
128600
128602
128618
128627
128628
128630
128632
128633
128634
128639
128640
128641
128642
128644
128651
128664
128665
128670
128678
128680
128686
128687
128694
128698
128702
128715
128716
128718
128724
128726
128733
128738
128742
128743
128745
128748
128751
128756
128762
128764
128769
128774
128776
128782
128790
128791
128795
128798
128803
128808
128813
128816
128823
128824
128832
128838
128840
128848
128851
128852
128857
128871
128876
128879
128881
128883
128892
128898
128902
128904
128907
128908
128912
128915
128924
128929
128937
128938
128949
128950
128956
128957
128959
128960
128965
128975
128982
128984
128992
128997
129012
129020
129031
129033
129036
129038
129040
129041
129046
129053
129055
129066
129071
129077
129081
129087
129108
129109
129117
129121
129130
129132
129141
129149
129151
129153
129154
129164
129165
129170
129173
129177
129184
129188
129190
129196
129198
129201
129205
129207
129212
129228
129231
129234
129248
129249
129252
129259
129262
129263
129264
129266
129269
129270
129274
129275
129276
129278
129279
129291
129294
129295
129296
129300
129313
129326
129328
129331
129335
129339
129341
129343
129345
129348
129351
129354
129363
129376
129379
129381
129403
129405
129406
129407
129419
129435
129437
129438
129442
129445
129450
129454
129457
129468
129469
129471
129483
129485
129493
129504
129511
129521
129524
129529
129533
129539
129543
129544
129557
129567
129568
129571
129575
129576
129583
129584
129591
129598
129601
129607
129614
129625
129640
129646
129659
129661
129664
129665
129680
129687
129689
129691
129707
129710
129711
129713
129720
129723
129724
129734
129740
129742
129743
129747
129753
129754
129756
129761
129775
129781
129782
129784
129786
129787
129789
129792
129813
129820
129822
129824
129825
129827
129832
129833
129834
129839
129846
129851
129854
129856
129857
129861
129864
129866
129867
129869
129872
129880
129883
129889
129895
129901
129905
129915
129916
129920
129922
129923
129925
129926
129928
129930
129935
129936
129938
129946
129951
129952
129956
129961
129967
129969
129979
129984
129985
129987
129990
129992
129995
129999
130003
130004
130005
130006
130007
130010
130012
130016
130024
130032
130034
130036
130049
130053
130055
130060
130077
130078
130081
130082
130092
130097
130098
130105
130107
130110
130115
130119
130120
130123
130124
130126
130143
130144
130154
130163
130166
130168
130173
130179
130181
130183
130196
130200
130202
130204
130211
130214
130220
130223
130226
130247
130251
130258
130260
130267
130271
130272
130282
130291
130292
130300
130314
130315
130318
130331
130339
130347
130360
130365
130370
130376
130379
130387
130393
130397
130404
130410
130411
130412
130419
130426
130427
130428
130446
130450
130453
130468
130471
130482
130488
130489
130519
130530
130533
130534
130535
130536
130537
130538
130540
130545
130552
130553
130559
130564
130572
130578
130582
130586
130592
130596
130610
130617
130618
130620
130624
130625
130632
130648
130655
130659
130660
130663
130673
130676
130683
130689
130700
130714
130721
130724
130725
130729
130735
130750
130751
130754
130755
130770
130774
130781
130782
130792
130799
130802
130804
130806
130807
130809
130816
130820
130824
130826
130838
130849
130864
130865
130868
130876
130877
130882
130883
130892
130895
130898
130899
130901
130904
130905
130907
130908
130913
130918
130922
130926
130927
130931
130946
130947
130956
130962
130965
130972
130973
130977
130983
130989
131000
131002
131005
131011
131015
131018
131021
131029
131030
131036
131043
131046
131056
131063
